,id,name,ruby,bust,cup,waist,hip,height,birthday,blood_type,hobby,prefectures,imageURL.small,imageURL.large,listURL.digital,listURL.monthly,listURL.mono,listURL.rental
0,3,北川ゆい,きたがわゆい,95,G,60,88,,1980-12-14,AB,クラシックバレエ,,http://pics.dmm.co.jp/mono/actjpgs/thumbnail/kitagawa_yui.jpg,http://pics.dmm.co.jp/mono/actjpgs/kitagawa_yui.jpg,https://al.dmm.co.jp/?lurl=https%3A%2F%2Fwww.dmm.co.jp%2Fdigital%2Fvideoa%2F-%2Flist%2F%3D%2Farticle%3Dactress%2Fid%3D3%2F&af_id=souhub-990&ch=api,https://al.dmm.co.jp/?lurl=https%3A%2F%2Fwww.dmm.co.jp%2Fmonthly%2Fpremium%2F-%2Flist%2F%3D%2Farticle%3Dactress%2Fid%3D3%2F&af_id=souhub-990&ch=api,https://al.dmm.co.jp/?lurl=https%3A%2F%2Fwww.dmm.co.jp%2Fmono%2Fdvd%2F-%2Flist%2F%3D%2Farticle%3Dactress%2Fid%3D3%2F&af_id=souhub-990&ch=api,https://al.dmm.co.jp/?lurl=https%3A%2F%2Fwww.dmm.co.jp%2Frental%2Fppr%2F-%2Flist%2F%3D%2Farticle%3Dactress%2Fid%3D3%2F&af_id=souhub-990&ch=api
1,4,Akira,あきら,90,,58,86,157,1978-08-15,A,水泳、ゴルフ,東京都,http://pics.dmm.co.jp/mono/actjpgs/thumbnail/akira.jpg,http://pics.dmm.co.jp/mono/actjpgs/akira.jpg,https://al.dmm.co.jp/?lurl=https%3A%2F%2Fwww.dmm.co.jp%2Fdigital%2Fvideoa%2F-%2Flist%2F%3D%2Farticle%3Dactress%2Fid%3D4%2F&af_id=souhub-990&ch=api,https://al.dmm.co.jp/?lurl=https%3A%2F%2Fwww.dmm.co.jp%2Fmonthly%2Fpremium%2F-%2Flist%2F%3D%2Farticle%3Dactress%2Fid%3D4%2F&af_id=souhub-990&ch=api,https://al.dmm.co.jp/?lurl=https%3A%2F%2Fwww.dmm.co.jp%2Fmono%2Fdvd%2F-%2Flist%2F%3D%2Farticle%3Dactress%2Fid%3D4%2F&af_id=souhub-990&ch=api,https://al.dmm.co.jp/?lurl=https%3A%2F%2Fwww.dmm.co.jp%2Frental%2Fppr%2F-%2Flist%2F%3D%2Farticle%3Dactress%2Fid%3D4%2F&af_id=souhub-990&ch=api
2,5,BETTYマリコ,べてぃーまりこ,,,,,,,,,,,,https://al.dmm.co.jp/?lurl=https%3A%2F%2Fwww.dmm.co.jp%2Fdigital%2Fvideoa%2F-%2Flist%2F%3D%2Farticle%3Dactress%2Fid%3D5%2F&af_id=souhub-990&ch=api,https://al.dmm.co.jp/?lurl=https%3A%2F%2Fwww.dmm.co.jp%2Fmonthly%2Fpremium%2F-%2Flist%2F%3D%2Farticle%3Dactress%2Fid%3D5%2F&af_id=souhub-990&ch=api,https://al.dmm.co.jp/?lurl=https%3A%2F%2Fwww.dmm.co.jp%2Fmono%2Fdvd%2F-%2Flist%2F%3D%2Farticle%3Dactress%2Fid%3D5%2F&af_id=souhub-990&ch=api,https://al.dmm.co.jp/?lurl=https%3A%2F%2Fwww.dmm.co.jp%2Frental%2Fppr%2F-%2Flist%2F%3D%2Farticle%3Dactress%2Fid%3D5%2F&af_id=souhub-990&ch=api
3,6,COCOLO,こころ,96,H,55,85,168,1982-07-07,B,パソコン,茨城県,http://pics.dmm.co.jp/mono/actjpgs/thumbnail/cocolo.jpg,http://pics.dmm.co.jp/mono/actjpgs/cocolo.jpg,https://al.dmm.co.jp/?lurl=https%3A%2F%2Fwww.dmm.co.jp%2Fdigital%2Fvideoa%2F-%2Flist%2F%3D%2Farticle%3Dactress%2Fid%3D6%2F&af_id=souhub-990&ch=api,https://al.dmm.co.jp/?lurl=https%3A%2F%2Fwww.dmm.co.jp%2Fmonthly%2Fpremium%2F-%2Flist%2F%3D%2Farticle%3Dactress%2Fid%3D6%2F&af_id=souhub-990&ch=api,https://al.dmm.co.jp/?lurl=https%3A%2F%2Fwww.dmm.co.jp%2Fmono%2Fdvd%2F-%2Flist%2F%3D%2Farticle%3Dactress%2Fid%3D6%2F&af_id=souhub-990&ch=api,https://al.dmm.co.jp/?lurl=https%3A%2F%2Fwww.dmm.co.jp%2Frental%2Fppr%2F-%2Flist%2F%3D%2Farticle%3Dactress%2Fid%3D6%2F&af_id=souhub-990&ch=api
4,8,Saiko,さいこ,80,B,59,82,162,1983-04-12,O,料理、大食い,東京都,http://pics.dmm.co.jp/mono/actjpgs/thumbnail/saiko.jpg,http://pics.dmm.co.jp/mono/actjpgs/saiko.jpg,https://al.dmm.co.jp/?lurl=https%3A%2F%2Fwww.dmm.co.jp%2Fdigital%2Fvideoa%2F-%2Flist%2F%3D%2Farticle%3Dactress%2Fid%3D8%2F&af_id=souhub-990&ch=api,https://al.dmm.co.jp/?lurl=https%3A%2F%2Fwww.dmm.co.jp%2Fmonthly%2Fpremium%2F-%2Flist%2F%3D%2Farticle%3Dactress%2Fid%3D8%2F&af_id=souhub-990&ch=api,https://al.dmm.co.jp/?lurl=https%3A%2F%2Fwww.dmm.co.jp%2Fmono%2Fdvd%2F-%2Flist%2F%3D%2Farticle%3Dactress%2Fid%3D8%2F&af_id=souhub-990&ch=api,https://al.dmm.co.jp/?lurl=https%3A%2F%2Fwww.dmm.co.jp%2Frental%2Fppr%2F-%2Flist%2F%3D%2Farticle%3Dactress%2Fid%3D8%2F&af_id=souhub-990&ch=api
5,9,SHOKO,しょうこ,,,,,,,,,,,,https://al.dmm.co.jp/?lurl=https%3A%2F%2Fwww.dmm.co.jp%2Fdigital%2Fvideoa%2F-%2Flist%2F%3D%2Farticle%3Dactress%2Fid%3D9%2F&af_id=souhub-990&ch=api,https://al.dmm.co.jp/?lurl=https%3A%2F%2Fwww.dmm.co.jp%2Fmonthly%2Fpremium%2F-%2Flist%2F%3D%2Farticle%3Dactress%2Fid%3D9%2F&af_id=souhub-990&ch=api,https://al.dmm.co.jp/?lurl=https%3A%2F%2Fwww.dmm.co.jp%2Fmono%2Fdvd%2F-%2Flist%2F%3D%2Farticle%3Dactress%2Fid%3D9%2F&af_id=souhub-990&ch=api,https://al.dmm.co.jp/?lurl=https%3A%2F%2Fwww.dmm.co.jp%2Frental%2Fppr%2F-%2Flist%2F%3D%2Farticle%3Dactress%2Fid%3D9%2F&af_id=souhub-990&ch=api
6,10,あいかわまこ,あいかわまこ,,,,,,,,,,,,https://al.dmm.co.jp/?lurl=https%3A%2F%2Fwww.dmm.co.jp%2Fdigital%2Fvideoa%2F-%2Flist%2F%3D%2Farticle%3Dactress%2Fid%3D10%2F&af_id=souhub-990&ch=api,https://al.dmm.co.jp/?lurl=https%3A%2F%2Fwww.dmm.co.jp%2Fmonthly%2Fpremium%2F-%2Flist%2F%3D%2Farticle%3Dactress%2Fid%3D10%2F&af_id=souhub-990&ch=api,https://al.dmm.co.jp/?lurl=https%3A%2F%2Fwww.dmm.co.jp%2Fmono%2Fdvd%2F-%2Flist%2F%3D%2Farticle%3Dactress%2Fid%3D10%2F&af_id=souhub-990&ch=api,https://al.dmm.co.jp/?lurl=https%3A%2F%2Fwww.dmm.co.jp%2Frental%2Fppr%2F-%2Flist%2F%3D%2Farticle%3Dactress%2Fid%3D10%2F&af_id=souhub-990&ch=api
7,11,あいだもも,あいだもも,82,,55,89,162,1970-06-18,A,エアロビクス,東京都,http://pics.dmm.co.jp/mono/actjpgs/thumbnail/aida_momo.jpg,http://pics.dmm.co.jp/mono/actjpgs/aida_momo.jpg,https://al.dmm.co.jp/?lurl=https%3A%2F%2Fwww.dmm.co.jp%2Fdigital%2Fvideoa%2F-%2Flist%2F%3D%2Farticle%3Dactress%2Fid%3D11%2F&af_id=souhub-990&ch=api,https://al.dmm.co.jp/?lurl=https%3A%2F%2Fwww.dmm.co.jp%2Fmonthly%2Fpremium%2F-%2Flist%2F%3D%2Farticle%3Dactress%2Fid%3D11%2F&af_id=souhub-990&ch=api,https://al.dmm.co.jp/?lurl=https%3A%2F%2Fwww.dmm.co.jp%2Fmono%2Fdvd%2F-%2Flist%2F%3D%2Farticle%3Dactress%2Fid%3D11%2F&af_id=souhub-990&ch=api,https://al.dmm.co.jp/?lurl=https%3A%2F%2Fwww.dmm.co.jp%2Frental%2Fppr%2F-%2Flist%2F%3D%2Farticle%3Dactress%2Fid%3D11%2F&af_id=souhub-990&ch=api
8,12,アヴァ ヴィンセント,あう゛ぁ う゛ぃんせんと,94,,67,93,,,,,,,,https://al.dmm.co.jp/?lurl=https%3A%2F%2Fwww.dmm.co.jp%2Fdigital%2Fvideoa%2F-%2Flist%2F%3D%2Farticle%3Dactress%2Fid%3D12%2F&af_id=souhub-990&ch=api,https://al.dmm.co.jp/?lurl=https%3A%2F%2Fwww.dmm.co.jp%2Fmonthly%2Fpremium%2F-%2Flist%2F%3D%2Farticle%3Dactress%2Fid%3D12%2F&af_id=souhub-990&ch=api,https://al.dmm.co.jp/?lurl=https%3A%2F%2Fwww.dmm.co.jp%2Fmono%2Fdvd%2F-%2Flist%2F%3D%2Farticle%3Dactress%2Fid%3D12%2F&af_id=souhub-990&ch=api,https://al.dmm.co.jp/?lurl=https%3A%2F%2Fwww.dmm.co.jp%2Frental%2Fppr%2F-%2Flist%2F%3D%2Farticle%3Dactress%2Fid%3D12%2F&af_id=souhub-990&ch=api
9,13,あさのくるみ,あさのくるみ,94,G,,,,,,,,http://pics.dmm.co.jp/mono/actjpgs/thumbnail/asano_kurumi.jpg,http://pics.dmm.co.jp/mono/actjpgs/asano_kurumi.jpg,https://al.dmm.co.jp/?lurl=https%3A%2F%2Fwww.dmm.co.jp%2Fdigital%2Fvideoa%2F-%2Flist%2F%3D%2Farticle%3Dactress%2Fid%3D13%2F&af_id=souhub-990&ch=api,https://al.dmm.co.jp/?lurl=https%3A%2F%2Fwww.dmm.co.jp%2Fmonthly%2Fpremium%2F-%2Flist%2F%3D%2Farticle%3Dactress%2Fid%3D13%2F&af_id=souhub-990&ch=api,https://al.dmm.co.jp/?lurl=https%3A%2F%2Fwww.dmm.co.jp%2Fmono%2Fdvd%2F-%2Flist%2F%3D%2Farticle%3Dactress%2Fid%3D13%2F&af_id=souhub-990&ch=api,https://al.dmm.co.jp/?lurl=https%3A%2F%2Fwww.dmm.co.jp%2Frental%2Fppr%2F-%2Flist%2F%3D%2Farticle%3Dactress%2Fid%3D13%2F&af_id=souhub-990&ch=api
10,14,河原鮎子,かわはらあゆこ,,,,,,,,,,,,https://al.dmm.co.jp/?lurl=https%3A%2F%2Fwww.dmm.co.jp%2Fdigital%2Fvideoa%2F-%2Flist%2F%3D%2Farticle%3Dactress%2Fid%3D14%2F&af_id=souhub-990&ch=api,https://al.dmm.co.jp/?lurl=https%3A%2F%2Fwww.dmm.co.jp%2Fmonthly%2Fpremium%2F-%2Flist%2F%3D%2Farticle%3Dactress%2Fid%3D14%2F&af_id=souhub-990&ch=api,https://al.dmm.co.jp/?lurl=https%3A%2F%2Fwww.dmm.co.jp%2Fmono%2Fdvd%2F-%2Flist%2F%3D%2Farticle%3Dactress%2Fid%3D14%2F&af_id=souhub-990&ch=api,https://al.dmm.co.jp/?lurl=https%3A%2F%2Fwww.dmm.co.jp%2Frental%2Fppr%2F-%2Flist%2F%3D%2Farticle%3Dactress%2Fid%3D14%2F&af_id=souhub-990&ch=api
11,15,あずみ理沙,あずみりさ,,,,,,,,,,,,https://al.dmm.co.jp/?lurl=https%3A%2F%2Fwww.dmm.co.jp%2Fdigital%2Fvideoa%2F-%2Flist%2F%3D%2Farticle%3Dactress%2Fid%3D15%2F&af_id=souhub-990&ch=api,https://al.dmm.co.jp/?lurl=https%3A%2F%2Fwww.dmm.co.jp%2Fmonthly%2Fpremium%2F-%2Flist%2F%3D%2Farticle%3Dactress%2Fid%3D15%2F&af_id=souhub-990&ch=api,https://al.dmm.co.jp/?lurl=https%3A%2F%2Fwww.dmm.co.jp%2Fmono%2Fdvd%2F-%2Flist%2F%3D%2Farticle%3Dactress%2Fid%3D15%2F&af_id=souhub-990&ch=api,https://al.dmm.co.jp/?lurl=https%3A%2F%2Fwww.dmm.co.jp%2Frental%2Fppr%2F-%2Flist%2F%3D%2Farticle%3Dactress%2Fid%3D15%2F&af_id=souhub-990&ch=api
12,16,アズラエル.アーチャー,あずらえるあーちゃー,,,,,,,,,,,,https://al.dmm.co.jp/?lurl=https%3A%2F%2Fwww.dmm.co.jp%2Fdigital%2Fvideoa%2F-%2Flist%2F%3D%2Farticle%3Dactress%2Fid%3D16%2F&af_id=souhub-990&ch=api,https://al.dmm.co.jp/?lurl=https%3A%2F%2Fwww.dmm.co.jp%2Fmonthly%2Fpremium%2F-%2Flist%2F%3D%2Farticle%3Dactress%2Fid%3D16%2F&af_id=souhub-990&ch=api,https://al.dmm.co.jp/?lurl=https%3A%2F%2Fwww.dmm.co.jp%2Fmono%2Fdvd%2F-%2Flist%2F%3D%2Farticle%3Dactress%2Fid%3D16%2F&af_id=souhub-990&ch=api,https://al.dmm.co.jp/?lurl=https%3A%2F%2Fwww.dmm.co.jp%2Frental%2Fppr%2F-%2Flist%2F%3D%2Farticle%3Dactress%2Fid%3D16%2F&af_id=souhub-990&ch=api
13,17,あづき美由,あづきみゆ,85,D,60,88,165,1982-12-12,A,ゲーム,埼玉県,http://pics.dmm.co.jp/mono/actjpgs/thumbnail/aduki_miyu.jpg,http://pics.dmm.co.jp/mono/actjpgs/aduki_miyu.jpg,https://al.dmm.co.jp/?lurl=https%3A%2F%2Fwww.dmm.co.jp%2Fdigital%2Fvideoa%2F-%2Flist%2F%3D%2Farticle%3Dactress%2Fid%3D17%2F&af_id=souhub-990&ch=api,https://al.dmm.co.jp/?lurl=https%3A%2F%2Fwww.dmm.co.jp%2Fmonthly%2Fpremium%2F-%2Flist%2F%3D%2Farticle%3Dactress%2Fid%3D17%2F&af_id=souhub-990&ch=api,https://al.dmm.co.jp/?lurl=https%3A%2F%2Fwww.dmm.co.jp%2Fmono%2Fdvd%2F-%2Flist%2F%3D%2Farticle%3Dactress%2Fid%3D17%2F&af_id=souhub-990&ch=api,https://al.dmm.co.jp/?lurl=https%3A%2F%2Fwww.dmm.co.jp%2Frental%2Fppr%2F-%2Flist%2F%3D%2Farticle%3Dactress%2Fid%3D17%2F&af_id=souhub-990&ch=api
14,18,アドリアナ.セージ,あどりあなせーじ,,,,,,,,,,,,https://al.dmm.co.jp/?lurl=https%3A%2F%2Fwww.dmm.co.jp%2Fdigital%2Fvideoa%2F-%2Flist%2F%3D%2Farticle%3Dactress%2Fid%3D18%2F&af_id=souhub-990&ch=api,https://al.dmm.co.jp/?lurl=https%3A%2F%2Fwww.dmm.co.jp%2Fmonthly%2Fpremium%2F-%2Flist%2F%3D%2Farticle%3Dactress%2Fid%3D18%2F&af_id=souhub-990&ch=api,https://al.dmm.co.jp/?lurl=https%3A%2F%2Fwww.dmm.co.jp%2Fmono%2Fdvd%2F-%2Flist%2F%3D%2Farticle%3Dactress%2Fid%3D18%2F&af_id=souhub-990&ch=api,https://al.dmm.co.jp/?lurl=https%3A%2F%2Fwww.dmm.co.jp%2Frental%2Fppr%2F-%2Flist%2F%3D%2Farticle%3Dactress%2Fid%3D18%2F&af_id=souhub-990&ch=api
15,19,あまいれもん,あまいれもん,,,,,,,,,,,,https://al.dmm.co.jp/?lurl=https%3A%2F%2Fwww.dmm.co.jp%2Fdigital%2Fvideoa%2F-%2Flist%2F%3D%2Farticle%3Dactress%2Fid%3D19%2F&af_id=souhub-990&ch=api,https://al.dmm.co.jp/?lurl=https%3A%2F%2Fwww.dmm.co.jp%2Fmonthly%2Fpremium%2F-%2Flist%2F%3D%2Farticle%3Dactress%2Fid%3D19%2F&af_id=souhub-990&ch=api,https://al.dmm.co.jp/?lurl=https%3A%2F%2Fwww.dmm.co.jp%2Fmono%2Fdvd%2F-%2Flist%2F%3D%2Farticle%3Dactress%2Fid%3D19%2F&af_id=souhub-990&ch=api,https://al.dmm.co.jp/?lurl=https%3A%2F%2Fwww.dmm.co.jp%2Frental%2Fppr%2F-%2Flist%2F%3D%2Farticle%3Dactress%2Fid%3D19%2F&af_id=souhub-990&ch=api
16,20,アリシン エンデバー,ありしん えんでばー,,,,,,,,,,,,https://al.dmm.co.jp/?lurl=https%3A%2F%2Fwww.dmm.co.jp%2Fdigital%2Fvideoa%2F-%2Flist%2F%3D%2Farticle%3Dactress%2Fid%3D20%2F&af_id=souhub-990&ch=api,https://al.dmm.co.jp/?lurl=https%3A%2F%2Fwww.dmm.co.jp%2Fmonthly%2Fpremium%2F-%2Flist%2F%3D%2Farticle%3Dactress%2Fid%3D20%2F&af_id=souhub-990&ch=api,https://al.dmm.co.jp/?lurl=https%3A%2F%2Fwww.dmm.co.jp%2Fmono%2Fdvd%2F-%2Flist%2F%3D%2Farticle%3Dactress%2Fid%3D20%2F&af_id=souhub-990&ch=api,https://al.dmm.co.jp/?lurl=https%3A%2F%2Fwww.dmm.co.jp%2Frental%2Fppr%2F-%2Flist%2F%3D%2Farticle%3Dactress%2Fid%3D20%2F&af_id=souhub-990&ch=api
17,21,アリシン シェインズ,ありしん しぇいんず,,,,,,,,,,,,https://al.dmm.co.jp/?lurl=https%3A%2F%2Fwww.dmm.co.jp%2Fdigital%2Fvideoa%2F-%2Flist%2F%3D%2Farticle%3Dactress%2Fid%3D21%2F&af_id=souhub-990&ch=api,https://al.dmm.co.jp/?lurl=https%3A%2F%2Fwww.dmm.co.jp%2Fmonthly%2Fpremium%2F-%2Flist%2F%3D%2Farticle%3Dactress%2Fid%3D21%2F&af_id=souhub-990&ch=api,https://al.dmm.co.jp/?lurl=https%3A%2F%2Fwww.dmm.co.jp%2Fmono%2Fdvd%2F-%2Flist%2F%3D%2Farticle%3Dactress%2Fid%3D21%2F&af_id=souhub-990&ch=api,https://al.dmm.co.jp/?lurl=https%3A%2F%2Fwww.dmm.co.jp%2Frental%2Fppr%2F-%2Flist%2F%3D%2Farticle%3Dactress%2Fid%3D21%2F&af_id=souhub-990&ch=api
18,22,渡辺聖子,わたなべせいこ,,,,,,,,,,,,https://al.dmm.co.jp/?lurl=https%3A%2F%2Fwww.dmm.co.jp%2Fdigital%2Fvideoa%2F-%2Flist%2F%3D%2Farticle%3Dactress%2Fid%3D22%2F&af_id=souhub-990&ch=api,https://al.dmm.co.jp/?lurl=https%3A%2F%2Fwww.dmm.co.jp%2Fmonthly%2Fpremium%2F-%2Flist%2F%3D%2Farticle%3Dactress%2Fid%3D22%2F&af_id=souhub-990&ch=api,https://al.dmm.co.jp/?lurl=https%3A%2F%2Fwww.dmm.co.jp%2Fmono%2Fdvd%2F-%2Flist%2F%3D%2Farticle%3Dactress%2Fid%3D22%2F&af_id=souhub-990&ch=api,https://al.dmm.co.jp/?lurl=https%3A%2F%2Fwww.dmm.co.jp%2Frental%2Fppr%2F-%2Flist%2F%3D%2Farticle%3Dactress%2Fid%3D22%2F&af_id=souhub-990&ch=api
19,23,イヴ（神代弓子）,いう゛（くましろゆみこ）,88,D,58,86,160,1963-11-22,O,スキューバダイビング、パソコン、衣装デザイン,静岡県,http://pics.dmm.co.jp/mono/actjpgs/thumbnail/eve2.jpg,http://pics.dmm.co.jp/mono/actjpgs/eve2.jpg,https://al.dmm.co.jp/?lurl=https%3A%2F%2Fwww.dmm.co.jp%2Fdigital%2Fvideoa%2F-%2Flist%2F%3D%2Farticle%3Dactress%2Fid%3D23%2F&af_id=souhub-990&ch=api,https://al.dmm.co.jp/?lurl=https%3A%2F%2Fwww.dmm.co.jp%2Fmonthly%2Fpremium%2F-%2Flist%2F%3D%2Farticle%3Dactress%2Fid%3D23%2F&af_id=souhub-990&ch=api,https://al.dmm.co.jp/?lurl=https%3A%2F%2Fwww.dmm.co.jp%2Fmono%2Fdvd%2F-%2Flist%2F%3D%2Farticle%3Dactress%2Fid%3D23%2F&af_id=souhub-990&ch=api,https://al.dmm.co.jp/?lurl=https%3A%2F%2Fwww.dmm.co.jp%2Frental%2Fppr%2F-%2Flist%2F%3D%2Farticle%3Dactress%2Fid%3D23%2F&af_id=souhub-990&ch=api
20,105,ジュリアン,じゅりあん,,,,,,,,,,,,https://al.dmm.co.jp/?lurl=https%3A%2F%2Fwww.dmm.co.jp%2Fdigital%2Fvideoa%2F-%2Flist%2F%3D%2Farticle%3Dactress%2Fid%3D105%2F&af_id=souhub-990&ch=api,https://al.dmm.co.jp/?lurl=https%3A%2F%2Fwww.dmm.co.jp%2Fmonthly%2Fpremium%2F-%2Flist%2F%3D%2Farticle%3Dactress%2Fid%3D105%2F&af_id=souhub-990&ch=api,https://al.dmm.co.jp/?lurl=https%3A%2F%2Fwww.dmm.co.jp%2Fmono%2Fdvd%2F-%2Flist%2F%3D%2Farticle%3Dactress%2Fid%3D105%2F&af_id=souhub-990&ch=api,https://al.dmm.co.jp/?lurl=https%3A%2F%2Fwww.dmm.co.jp%2Frental%2Fppr%2F-%2Flist%2F%3D%2Farticle%3Dactress%2Fid%3D105%2F&af_id=souhub-990&ch=api
21,106,ジュリアンチャック.マルティーノ,じゅりあんちゃっくまるてぃーの,,,,,,,,,,,,https://al.dmm.co.jp/?lurl=https%3A%2F%2Fwww.dmm.co.jp%2Fdigital%2Fvideoa%2F-%2Flist%2F%3D%2Farticle%3Dactress%2Fid%3D106%2F&af_id=souhub-990&ch=api,https://al.dmm.co.jp/?lurl=https%3A%2F%2Fwww.dmm.co.jp%2Fmonthly%2Fpremium%2F-%2Flist%2F%3D%2Farticle%3Dactress%2Fid%3D106%2F&af_id=souhub-990&ch=api,https://al.dmm.co.jp/?lurl=https%3A%2F%2Fwww.dmm.co.jp%2Fmono%2Fdvd%2F-%2Flist%2F%3D%2Farticle%3Dactress%2Fid%3D106%2F&af_id=souhub-990&ch=api,https://al.dmm.co.jp/?lurl=https%3A%2F%2Fwww.dmm.co.jp%2Frental%2Fppr%2F-%2Flist%2F%3D%2Farticle%3Dactress%2Fid%3D106%2F&af_id=souhub-990&ch=api
22,107,ジュリー メデュース,じゅりー めでゅーす,,,,,,,,,,,,https://al.dmm.co.jp/?lurl=https%3A%2F%2Fwww.dmm.co.jp%2Fdigital%2Fvideoa%2F-%2Flist%2F%3D%2Farticle%3Dactress%2Fid%3D107%2F&af_id=souhub-990&ch=api,https://al.dmm.co.jp/?lurl=https%3A%2F%2Fwww.dmm.co.jp%2Fmonthly%2Fpremium%2F-%2Flist%2F%3D%2Farticle%3Dactress%2Fid%3D107%2F&af_id=souhub-990&ch=api,https://al.dmm.co.jp/?lurl=https%3A%2F%2Fwww.dmm.co.jp%2Fmono%2Fdvd%2F-%2Flist%2F%3D%2Farticle%3Dactress%2Fid%3D107%2F&af_id=souhub-990&ch=api,https://al.dmm.co.jp/?lurl=https%3A%2F%2Fwww.dmm.co.jp%2Frental%2Fppr%2F-%2Flist%2F%3D%2Farticle%3Dactress%2Fid%3D107%2F&af_id=souhub-990&ch=api
23,108,今井ゆみこ,いまいゆみこ,,,,,,,,,,,,https://al.dmm.co.jp/?lurl=https%3A%2F%2Fwww.dmm.co.jp%2Fdigital%2Fvideoa%2F-%2Flist%2F%3D%2Farticle%3Dactress%2Fid%3D108%2F&af_id=souhub-990&ch=api,https://al.dmm.co.jp/?lurl=https%3A%2F%2Fwww.dmm.co.jp%2Fmonthly%2Fpremium%2F-%2Flist%2F%3D%2Farticle%3Dactress%2Fid%3D108%2F&af_id=souhub-990&ch=api,https://al.dmm.co.jp/?lurl=https%3A%2F%2Fwww.dmm.co.jp%2Fmono%2Fdvd%2F-%2Flist%2F%3D%2Farticle%3Dactress%2Fid%3D108%2F&af_id=souhub-990&ch=api,https://al.dmm.co.jp/?lurl=https%3A%2F%2Fwww.dmm.co.jp%2Frental%2Fppr%2F-%2Flist%2F%3D%2Farticle%3Dactress%2Fid%3D108%2F&af_id=souhub-990&ch=api
24,109,ジル ケリー プレゼンツ,じる けりー ぷれぜんつ,,,,,,,,,,,,https://al.dmm.co.jp/?lurl=https%3A%2F%2Fwww.dmm.co.jp%2Fdigital%2Fvideoa%2F-%2Flist%2F%3D%2Farticle%3Dactress%2Fid%3D109%2F&af_id=souhub-990&ch=api,https://al.dmm.co.jp/?lurl=https%3A%2F%2Fwww.dmm.co.jp%2Fmonthly%2Fpremium%2F-%2Flist%2F%3D%2Farticle%3Dactress%2Fid%3D109%2F&af_id=souhub-990&ch=api,https://al.dmm.co.jp/?lurl=https%3A%2F%2Fwww.dmm.co.jp%2Fmono%2Fdvd%2F-%2Flist%2F%3D%2Farticle%3Dactress%2Fid%3D109%2F&af_id=souhub-990&ch=api,https://al.dmm.co.jp/?lurl=https%3A%2F%2Fwww.dmm.co.jp%2Frental%2Fppr%2F-%2Flist%2F%3D%2Farticle%3Dactress%2Fid%3D109%2F&af_id=souhub-990&ch=api
25,110,スーザン,すーざん,,,,,,,,,,,,https://al.dmm.co.jp/?lurl=https%3A%2F%2Fwww.dmm.co.jp%2Fdigital%2Fvideoa%2F-%2Flist%2F%3D%2Farticle%3Dactress%2Fid%3D110%2F&af_id=souhub-990&ch=api,https://al.dmm.co.jp/?lurl=https%3A%2F%2Fwww.dmm.co.jp%2Fmonthly%2Fpremium%2F-%2Flist%2F%3D%2Farticle%3Dactress%2Fid%3D110%2F&af_id=souhub-990&ch=api,https://al.dmm.co.jp/?lurl=https%3A%2F%2Fwww.dmm.co.jp%2Fmono%2Fdvd%2F-%2Flist%2F%3D%2Farticle%3Dactress%2Fid%3D110%2F&af_id=souhub-990&ch=api,https://al.dmm.co.jp/?lurl=https%3A%2F%2Fwww.dmm.co.jp%2Frental%2Fppr%2F-%2Flist%2F%3D%2Farticle%3Dactress%2Fid%3D110%2F&af_id=souhub-990&ch=api
26,111,スエタ,すえた,,,,,,,,,,,,https://al.dmm.co.jp/?lurl=https%3A%2F%2Fwww.dmm.co.jp%2Fdigital%2Fvideoa%2F-%2Flist%2F%3D%2Farticle%3Dactress%2Fid%3D111%2F&af_id=souhub-990&ch=api,https://al.dmm.co.jp/?lurl=https%3A%2F%2Fwww.dmm.co.jp%2Fmonthly%2Fpremium%2F-%2Flist%2F%3D%2Farticle%3Dactress%2Fid%3D111%2F&af_id=souhub-990&ch=api,https://al.dmm.co.jp/?lurl=https%3A%2F%2Fwww.dmm.co.jp%2Fmono%2Fdvd%2F-%2Flist%2F%3D%2Farticle%3Dactress%2Fid%3D111%2F&af_id=souhub-990&ch=api,https://al.dmm.co.jp/?lurl=https%3A%2F%2Fwww.dmm.co.jp%2Frental%2Fppr%2F-%2Flist%2F%3D%2Farticle%3Dactress%2Fid%3D111%2F&af_id=souhub-990&ch=api
27,112,スカイ,すかい,,,,,,,,,,,,https://al.dmm.co.jp/?lurl=https%3A%2F%2Fwww.dmm.co.jp%2Fdigital%2Fvideoa%2F-%2Flist%2F%3D%2Farticle%3Dactress%2Fid%3D112%2F&af_id=souhub-990&ch=api,https://al.dmm.co.jp/?lurl=https%3A%2F%2Fwww.dmm.co.jp%2Fmonthly%2Fpremium%2F-%2Flist%2F%3D%2Farticle%3Dactress%2Fid%3D112%2F&af_id=souhub-990&ch=api,https://al.dmm.co.jp/?lurl=https%3A%2F%2Fwww.dmm.co.jp%2Fmono%2Fdvd%2F-%2Flist%2F%3D%2Farticle%3Dactress%2Fid%3D112%2F&af_id=souhub-990&ch=api,https://al.dmm.co.jp/?lurl=https%3A%2F%2Fwww.dmm.co.jp%2Frental%2Fppr%2F-%2Flist%2F%3D%2Farticle%3Dactress%2Fid%3D112%2F&af_id=souhub-990&ch=api
28,113,スターシャ,すたーしゃ,,,,,,,,,,,,https://al.dmm.co.jp/?lurl=https%3A%2F%2Fwww.dmm.co.jp%2Fdigital%2Fvideoa%2F-%2Flist%2F%3D%2Farticle%3Dactress%2Fid%3D113%2F&af_id=souhub-990&ch=api,https://al.dmm.co.jp/?lurl=https%3A%2F%2Fwww.dmm.co.jp%2Fmonthly%2Fpremium%2F-%2Flist%2F%3D%2Farticle%3Dactress%2Fid%3D113%2F&af_id=souhub-990&ch=api,https://al.dmm.co.jp/?lurl=https%3A%2F%2Fwww.dmm.co.jp%2Fmono%2Fdvd%2F-%2Flist%2F%3D%2Farticle%3Dactress%2Fid%3D113%2F&af_id=souhub-990&ch=api,https://al.dmm.co.jp/?lurl=https%3A%2F%2Fwww.dmm.co.jp%2Frental%2Fppr%2F-%2Flist%2F%3D%2Farticle%3Dactress%2Fid%3D113%2F&af_id=souhub-990&ch=api
29,114,ステイシー バレンタイン,すていしー ばれんたいん,89,,65,91,,,,,,,,https://al.dmm.co.jp/?lurl=https%3A%2F%2Fwww.dmm.co.jp%2Fdigital%2Fvideoa%2F-%2Flist%2F%3D%2Farticle%3Dactress%2Fid%3D114%2F&af_id=souhub-990&ch=api,https://al.dmm.co.jp/?lurl=https%3A%2F%2Fwww.dmm.co.jp%2Fmonthly%2Fpremium%2F-%2Flist%2F%3D%2Farticle%3Dactress%2Fid%3D114%2F&af_id=souhub-990&ch=api,https://al.dmm.co.jp/?lurl=https%3A%2F%2Fwww.dmm.co.jp%2Fmono%2Fdvd%2F-%2Flist%2F%3D%2Farticle%3Dactress%2Fid%3D114%2F&af_id=souhub-990&ch=api,https://al.dmm.co.jp/?lurl=https%3A%2F%2Fwww.dmm.co.jp%2Frental%2Fppr%2F-%2Flist%2F%3D%2Farticle%3Dactress%2Fid%3D114%2F&af_id=souhub-990&ch=api
30,115,せとうちあすか,せとうちあすか,87,D,56,88,158,1981-05-20,O,ショッピング、バスケット,,,,https://al.dmm.co.jp/?lurl=https%3A%2F%2Fwww.dmm.co.jp%2Fdigital%2Fvideoa%2F-%2Flist%2F%3D%2Farticle%3Dactress%2Fid%3D115%2F&af_id=souhub-990&ch=api,https://al.dmm.co.jp/?lurl=https%3A%2F%2Fwww.dmm.co.jp%2Fmonthly%2Fpremium%2F-%2Flist%2F%3D%2Farticle%3Dactress%2Fid%3D115%2F&af_id=souhub-990&ch=api,https://al.dmm.co.jp/?lurl=https%3A%2F%2Fwww.dmm.co.jp%2Fmono%2Fdvd%2F-%2Flist%2F%3D%2Farticle%3Dactress%2Fid%3D115%2F&af_id=souhub-990&ch=api,https://al.dmm.co.jp/?lurl=https%3A%2F%2Fwww.dmm.co.jp%2Frental%2Fppr%2F-%2Flist%2F%3D%2Farticle%3Dactress%2Fid%3D115%2F&af_id=souhub-990&ch=api
31,116,セリーヌ,せりーぬ,,,,,,,,,,,,https://al.dmm.co.jp/?lurl=https%3A%2F%2Fwww.dmm.co.jp%2Fdigital%2Fvideoa%2F-%2Flist%2F%3D%2Farticle%3Dactress%2Fid%3D116%2F&af_id=souhub-990&ch=api,https://al.dmm.co.jp/?lurl=https%3A%2F%2Fwww.dmm.co.jp%2Fmonthly%2Fpremium%2F-%2Flist%2F%3D%2Farticle%3Dactress%2Fid%3D116%2F&af_id=souhub-990&ch=api,https://al.dmm.co.jp/?lurl=https%3A%2F%2Fwww.dmm.co.jp%2Fmono%2Fdvd%2F-%2Flist%2F%3D%2Farticle%3Dactress%2Fid%3D116%2F&af_id=souhub-990&ch=api,https://al.dmm.co.jp/?lurl=https%3A%2F%2Fwww.dmm.co.jp%2Frental%2Fppr%2F-%2Flist%2F%3D%2Farticle%3Dactress%2Fid%3D116%2F&af_id=souhub-990&ch=api
32,117,セレステ,せれすて,,,,,,,,,,,,https://al.dmm.co.jp/?lurl=https%3A%2F%2Fwww.dmm.co.jp%2Fdigital%2Fvideoa%2F-%2Flist%2F%3D%2Farticle%3Dactress%2Fid%3D117%2F&af_id=souhub-990&ch=api,https://al.dmm.co.jp/?lurl=https%3A%2F%2Fwww.dmm.co.jp%2Fmonthly%2Fpremium%2F-%2Flist%2F%3D%2Farticle%3Dactress%2Fid%3D117%2F&af_id=souhub-990&ch=api,https://al.dmm.co.jp/?lurl=https%3A%2F%2Fwww.dmm.co.jp%2Fmono%2Fdvd%2F-%2Flist%2F%3D%2Farticle%3Dactress%2Fid%3D117%2F&af_id=souhub-990&ch=api,https://al.dmm.co.jp/?lurl=https%3A%2F%2Fwww.dmm.co.jp%2Frental%2Fppr%2F-%2Flist%2F%3D%2Farticle%3Dactress%2Fid%3D117%2F&af_id=souhub-990&ch=api
33,118,ソフィ,そふぃ,,,,,,,,,,,,https://al.dmm.co.jp/?lurl=https%3A%2F%2Fwww.dmm.co.jp%2Fdigital%2Fvideoa%2F-%2Flist%2F%3D%2Farticle%3Dactress%2Fid%3D118%2F&af_id=souhub-990&ch=api,https://al.dmm.co.jp/?lurl=https%3A%2F%2Fwww.dmm.co.jp%2Fmonthly%2Fpremium%2F-%2Flist%2F%3D%2Farticle%3Dactress%2Fid%3D118%2F&af_id=souhub-990&ch=api,https://al.dmm.co.jp/?lurl=https%3A%2F%2Fwww.dmm.co.jp%2Fmono%2Fdvd%2F-%2Flist%2F%3D%2Farticle%3Dactress%2Fid%3D118%2F&af_id=souhub-990&ch=api,https://al.dmm.co.jp/?lurl=https%3A%2F%2Fwww.dmm.co.jp%2Frental%2Fppr%2F-%2Flist%2F%3D%2Farticle%3Dactress%2Fid%3D118%2F&af_id=souhub-990&ch=api
34,119,ターニャ,たーにゃ,,,,,,,,,,,,https://al.dmm.co.jp/?lurl=https%3A%2F%2Fwww.dmm.co.jp%2Fdigital%2Fvideoa%2F-%2Flist%2F%3D%2Farticle%3Dactress%2Fid%3D119%2F&af_id=souhub-990&ch=api,https://al.dmm.co.jp/?lurl=https%3A%2F%2Fwww.dmm.co.jp%2Fmonthly%2Fpremium%2F-%2Flist%2F%3D%2Farticle%3Dactress%2Fid%3D119%2F&af_id=souhub-990&ch=api,https://al.dmm.co.jp/?lurl=https%3A%2F%2Fwww.dmm.co.jp%2Fmono%2Fdvd%2F-%2Flist%2F%3D%2Farticle%3Dactress%2Fid%3D119%2F&af_id=souhub-990&ch=api,https://al.dmm.co.jp/?lurl=https%3A%2F%2Fwww.dmm.co.jp%2Frental%2Fppr%2F-%2Flist%2F%3D%2Farticle%3Dactress%2Fid%3D119%2F&af_id=souhub-990&ch=api
35,120,北沢沙耶,きたざわさや,,,,,,,,,,,,https://al.dmm.co.jp/?lurl=https%3A%2F%2Fwww.dmm.co.jp%2Fdigital%2Fvideoa%2F-%2Flist%2F%3D%2Farticle%3Dactress%2Fid%3D120%2F&af_id=souhub-990&ch=api,https://al.dmm.co.jp/?lurl=https%3A%2F%2Fwww.dmm.co.jp%2Fmonthly%2Fpremium%2F-%2Flist%2F%3D%2Farticle%3Dactress%2Fid%3D120%2F&af_id=souhub-990&ch=api,https://al.dmm.co.jp/?lurl=https%3A%2F%2Fwww.dmm.co.jp%2Fmono%2Fdvd%2F-%2Flist%2F%3D%2Farticle%3Dactress%2Fid%3D120%2F&af_id=souhub-990&ch=api,https://al.dmm.co.jp/?lurl=https%3A%2F%2Fwww.dmm.co.jp%2Frental%2Fppr%2F-%2Flist%2F%3D%2Farticle%3Dactress%2Fid%3D120%2F&af_id=souhub-990&ch=api
36,121,ターニャ ダニエル,たーにゃ だにえる,,,,,,,,,,,,https://al.dmm.co.jp/?lurl=https%3A%2F%2Fwww.dmm.co.jp%2Fdigital%2Fvideoa%2F-%2Flist%2F%3D%2Farticle%3Dactress%2Fid%3D121%2F&af_id=souhub-990&ch=api,https://al.dmm.co.jp/?lurl=https%3A%2F%2Fwww.dmm.co.jp%2Fmonthly%2Fpremium%2F-%2Flist%2F%3D%2Farticle%3Dactress%2Fid%3D121%2F&af_id=souhub-990&ch=api,https://al.dmm.co.jp/?lurl=https%3A%2F%2Fwww.dmm.co.jp%2Fmono%2Fdvd%2F-%2Flist%2F%3D%2Farticle%3Dactress%2Fid%3D121%2F&af_id=souhub-990&ch=api,https://al.dmm.co.jp/?lurl=https%3A%2F%2Fwww.dmm.co.jp%2Frental%2Fppr%2F-%2Flist%2F%3D%2Farticle%3Dactress%2Fid%3D121%2F&af_id=souhub-990&ch=api
37,122,ターラ,たーら,,,,,,,,,,,,https://al.dmm.co.jp/?lurl=https%3A%2F%2Fwww.dmm.co.jp%2Fdigital%2Fvideoa%2F-%2Flist%2F%3D%2Farticle%3Dactress%2Fid%3D122%2F&af_id=souhub-990&ch=api,https://al.dmm.co.jp/?lurl=https%3A%2F%2Fwww.dmm.co.jp%2Fmonthly%2Fpremium%2F-%2Flist%2F%3D%2Farticle%3Dactress%2Fid%3D122%2F&af_id=souhub-990&ch=api,https://al.dmm.co.jp/?lurl=https%3A%2F%2Fwww.dmm.co.jp%2Fmono%2Fdvd%2F-%2Flist%2F%3D%2Farticle%3Dactress%2Fid%3D122%2F&af_id=souhub-990&ch=api,https://al.dmm.co.jp/?lurl=https%3A%2F%2Fwww.dmm.co.jp%2Frental%2Fppr%2F-%2Flist%2F%3D%2Farticle%3Dactress%2Fid%3D122%2F&af_id=souhub-990&ch=api
38,123,ダニエラ ラッシュジョディー,だにえら らっしゅじょでぃー,,,,,,,,,,,,https://al.dmm.co.jp/?lurl=https%3A%2F%2Fwww.dmm.co.jp%2Fdigital%2Fvideoa%2F-%2Flist%2F%3D%2Farticle%3Dactress%2Fid%3D123%2F&af_id=souhub-990&ch=api,https://al.dmm.co.jp/?lurl=https%3A%2F%2Fwww.dmm.co.jp%2Fmonthly%2Fpremium%2F-%2Flist%2F%3D%2Farticle%3Dactress%2Fid%3D123%2F&af_id=souhub-990&ch=api,https://al.dmm.co.jp/?lurl=https%3A%2F%2Fwww.dmm.co.jp%2Fmono%2Fdvd%2F-%2Flist%2F%3D%2Farticle%3Dactress%2Fid%3D123%2F&af_id=souhub-990&ch=api,https://al.dmm.co.jp/?lurl=https%3A%2F%2Fwww.dmm.co.jp%2Frental%2Fppr%2F-%2Flist%2F%3D%2Farticle%3Dactress%2Fid%3D123%2F&af_id=souhub-990&ch=api
39,124,タビサ スティーブンス,たびさ すてぃーぶんす,,,,,,,,,,,,https://al.dmm.co.jp/?lurl=https%3A%2F%2Fwww.dmm.co.jp%2Fdigital%2Fvideoa%2F-%2Flist%2F%3D%2Farticle%3Dactress%2Fid%3D124%2F&af_id=souhub-990&ch=api,https://al.dmm.co.jp/?lurl=https%3A%2F%2Fwww.dmm.co.jp%2Fmonthly%2Fpremium%2F-%2Flist%2F%3D%2Farticle%3Dactress%2Fid%3D124%2F&af_id=souhub-990&ch=api,https://al.dmm.co.jp/?lurl=https%3A%2F%2Fwww.dmm.co.jp%2Fmono%2Fdvd%2F-%2Flist%2F%3D%2Farticle%3Dactress%2Fid%3D124%2F&af_id=souhub-990&ch=api,https://al.dmm.co.jp/?lurl=https%3A%2F%2Fwww.dmm.co.jp%2Frental%2Fppr%2F-%2Flist%2F%3D%2Farticle%3Dactress%2Fid%3D124%2F&af_id=souhub-990&ch=api
40,206,レイラ,れいら,,,,,,,,,,,,https://al.dmm.co.jp/?lurl=https%3A%2F%2Fwww.dmm.co.jp%2Fdigital%2Fvideoa%2F-%2Flist%2F%3D%2Farticle%3Dactress%2Fid%3D206%2F&af_id=souhub-990&ch=api,https://al.dmm.co.jp/?lurl=https%3A%2F%2Fwww.dmm.co.jp%2Fmonthly%2Fpremium%2F-%2Flist%2F%3D%2Farticle%3Dactress%2Fid%3D206%2F&af_id=souhub-990&ch=api,https://al.dmm.co.jp/?lurl=https%3A%2F%2Fwww.dmm.co.jp%2Fmono%2Fdvd%2F-%2Flist%2F%3D%2Farticle%3Dactress%2Fid%3D206%2F&af_id=souhub-990&ch=api,https://al.dmm.co.jp/?lurl=https%3A%2F%2Fwww.dmm.co.jp%2Frental%2Fppr%2F-%2Flist%2F%3D%2Farticle%3Dactress%2Fid%3D206%2F&af_id=souhub-990&ch=api
41,207,ともさかひかり,ともさかひかり,,,,,,,,,,,,https://al.dmm.co.jp/?lurl=https%3A%2F%2Fwww.dmm.co.jp%2Fdigital%2Fvideoa%2F-%2Flist%2F%3D%2Farticle%3Dactress%2Fid%3D207%2F&af_id=souhub-990&ch=api,https://al.dmm.co.jp/?lurl=https%3A%2F%2Fwww.dmm.co.jp%2Fmonthly%2Fpremium%2F-%2Flist%2F%3D%2Farticle%3Dactress%2Fid%3D207%2F&af_id=souhub-990&ch=api,https://al.dmm.co.jp/?lurl=https%3A%2F%2Fwww.dmm.co.jp%2Fmono%2Fdvd%2F-%2Flist%2F%3D%2Farticle%3Dactress%2Fid%3D207%2F&af_id=souhub-990&ch=api,https://al.dmm.co.jp/?lurl=https%3A%2F%2Fwww.dmm.co.jp%2Frental%2Fppr%2F-%2Flist%2F%3D%2Farticle%3Dactress%2Fid%3D207%2F&af_id=souhub-990&ch=api
42,208,レナ ラモン,れな らもん,,,,,,,,,,,,https://al.dmm.co.jp/?lurl=https%3A%2F%2Fwww.dmm.co.jp%2Fdigital%2Fvideoa%2F-%2Flist%2F%3D%2Farticle%3Dactress%2Fid%3D208%2F&af_id=souhub-990&ch=api,https://al.dmm.co.jp/?lurl=https%3A%2F%2Fwww.dmm.co.jp%2Fmonthly%2Fpremium%2F-%2Flist%2F%3D%2Farticle%3Dactress%2Fid%3D208%2F&af_id=souhub-990&ch=api,https://al.dmm.co.jp/?lurl=https%3A%2F%2Fwww.dmm.co.jp%2Fmono%2Fdvd%2F-%2Flist%2F%3D%2Farticle%3Dactress%2Fid%3D208%2F&af_id=souhub-990&ch=api,https://al.dmm.co.jp/?lurl=https%3A%2F%2Fwww.dmm.co.jp%2Frental%2Fppr%2F-%2Flist%2F%3D%2Farticle%3Dactress%2Fid%3D208%2F&af_id=souhub-990&ch=api
43,209,レナ ロマーネ,れな ろまーね,,,,,,,,,,,,https://al.dmm.co.jp/?lurl=https%3A%2F%2Fwww.dmm.co.jp%2Fdigital%2Fvideoa%2F-%2Flist%2F%3D%2Farticle%3Dactress%2Fid%3D209%2F&af_id=souhub-990&ch=api,https://al.dmm.co.jp/?lurl=https%3A%2F%2Fwww.dmm.co.jp%2Fmonthly%2Fpremium%2F-%2Flist%2F%3D%2Farticle%3Dactress%2Fid%3D209%2F&af_id=souhub-990&ch=api,https://al.dmm.co.jp/?lurl=https%3A%2F%2Fwww.dmm.co.jp%2Fmono%2Fdvd%2F-%2Flist%2F%3D%2Farticle%3Dactress%2Fid%3D209%2F&af_id=souhub-990&ch=api,https://al.dmm.co.jp/?lurl=https%3A%2F%2Fwww.dmm.co.jp%2Frental%2Fppr%2F-%2Flist%2F%3D%2Farticle%3Dactress%2Fid%3D209%2F&af_id=souhub-990&ch=api
44,210,ひかるまこと,ひかるまこと,83,C,56,83,,1984-12-13,A,,,http://pics.dmm.co.jp/mono/actjpgs/thumbnail/hikaru_makoto.jpg,http://pics.dmm.co.jp/mono/actjpgs/hikaru_makoto.jpg,https://al.dmm.co.jp/?lurl=https%3A%2F%2Fwww.dmm.co.jp%2Fdigital%2Fvideoa%2F-%2Flist%2F%3D%2Farticle%3Dactress%2Fid%3D210%2F&af_id=souhub-990&ch=api,https://al.dmm.co.jp/?lurl=https%3A%2F%2Fwww.dmm.co.jp%2Fmonthly%2Fpremium%2F-%2Flist%2F%3D%2Farticle%3Dactress%2Fid%3D210%2F&af_id=souhub-990&ch=api,https://al.dmm.co.jp/?lurl=https%3A%2F%2Fwww.dmm.co.jp%2Fmono%2Fdvd%2F-%2Flist%2F%3D%2Farticle%3Dactress%2Fid%3D210%2F&af_id=souhub-990&ch=api,https://al.dmm.co.jp/?lurl=https%3A%2F%2Fwww.dmm.co.jp%2Frental%2Fppr%2F-%2Flist%2F%3D%2Farticle%3Dactress%2Fid%3D210%2F&af_id=souhub-990&ch=api
45,211,ローラ,ろーら,,,,,,,,,,,,https://al.dmm.co.jp/?lurl=https%3A%2F%2Fwww.dmm.co.jp%2Fdigital%2Fvideoa%2F-%2Flist%2F%3D%2Farticle%3Dactress%2Fid%3D211%2F&af_id=souhub-990&ch=api,https://al.dmm.co.jp/?lurl=https%3A%2F%2Fwww.dmm.co.jp%2Fmonthly%2Fpremium%2F-%2Flist%2F%3D%2Farticle%3Dactress%2Fid%3D211%2F&af_id=souhub-990&ch=api,https://al.dmm.co.jp/?lurl=https%3A%2F%2Fwww.dmm.co.jp%2Fmono%2Fdvd%2F-%2Flist%2F%3D%2Farticle%3Dactress%2Fid%3D211%2F&af_id=souhub-990&ch=api,https://al.dmm.co.jp/?lurl=https%3A%2F%2Fwww.dmm.co.jp%2Frental%2Fppr%2F-%2Flist%2F%3D%2Farticle%3Dactress%2Fid%3D211%2F&af_id=souhub-990&ch=api
46,212,ロビン フォスター,ろびん ふぉすたー,,,,,,,,,,,,https://al.dmm.co.jp/?lurl=https%3A%2F%2Fwww.dmm.co.jp%2Fdigital%2Fvideoa%2F-%2Flist%2F%3D%2Farticle%3Dactress%2Fid%3D212%2F&af_id=souhub-990&ch=api,https://al.dmm.co.jp/?lurl=https%3A%2F%2Fwww.dmm.co.jp%2Fmonthly%2Fpremium%2F-%2Flist%2F%3D%2Farticle%3Dactress%2Fid%3D212%2F&af_id=souhub-990&ch=api,https://al.dmm.co.jp/?lurl=https%3A%2F%2Fwww.dmm.co.jp%2Fmono%2Fdvd%2F-%2Flist%2F%3D%2Farticle%3Dactress%2Fid%3D212%2F&af_id=souhub-990&ch=api,https://al.dmm.co.jp/?lurl=https%3A%2F%2Fwww.dmm.co.jp%2Frental%2Fppr%2F-%2Flist%2F%3D%2Farticle%3Dactress%2Fid%3D212%2F&af_id=souhub-990&ch=api
47,213,わかなまどか,わかなまどか,83,B,58,86,,,A,,,http://pics.dmm.co.jp/mono/actjpgs/thumbnail/wakana_madoka.jpg,http://pics.dmm.co.jp/mono/actjpgs/wakana_madoka.jpg,https://al.dmm.co.jp/?lurl=https%3A%2F%2Fwww.dmm.co.jp%2Fdigital%2Fvideoa%2F-%2Flist%2F%3D%2Farticle%3Dactress%2Fid%3D213%2F&af_id=souhub-990&ch=api,https://al.dmm.co.jp/?lurl=https%3A%2F%2Fwww.dmm.co.jp%2Fmonthly%2Fpremium%2F-%2Flist%2F%3D%2Farticle%3Dactress%2Fid%3D213%2F&af_id=souhub-990&ch=api,https://al.dmm.co.jp/?lurl=https%3A%2F%2Fwww.dmm.co.jp%2Fmono%2Fdvd%2F-%2Flist%2F%3D%2Farticle%3Dactress%2Fid%3D213%2F&af_id=souhub-990&ch=api,https://al.dmm.co.jp/?lurl=https%3A%2F%2Fwww.dmm.co.jp%2Frental%2Fppr%2F-%2Flist%2F%3D%2Farticle%3Dactress%2Fid%3D213%2F&af_id=souhub-990&ch=api
48,214,亜希TYPE1,あきたいぷわん,,,,,,,,,,,,https://al.dmm.co.jp/?lurl=https%3A%2F%2Fwww.dmm.co.jp%2Fdigital%2Fvideoa%2F-%2Flist%2F%3D%2Farticle%3Dactress%2Fid%3D214%2F&af_id=souhub-990&ch=api,https://al.dmm.co.jp/?lurl=https%3A%2F%2Fwww.dmm.co.jp%2Fmonthly%2Fpremium%2F-%2Flist%2F%3D%2Farticle%3Dactress%2Fid%3D214%2F&af_id=souhub-990&ch=api,https://al.dmm.co.jp/?lurl=https%3A%2F%2Fwww.dmm.co.jp%2Fmono%2Fdvd%2F-%2Flist%2F%3D%2Farticle%3Dactress%2Fid%3D214%2F&af_id=souhub-990&ch=api,https://al.dmm.co.jp/?lurl=https%3A%2F%2Fwww.dmm.co.jp%2Frental%2Fppr%2F-%2Flist%2F%3D%2Farticle%3Dactress%2Fid%3D214%2F&af_id=souhub-990&ch=api
49,215,亜希TYPE2,あきたいぷつー,,,,,,,,,,,,https://al.dmm.co.jp/?lurl=https%3A%2F%2Fwww.dmm.co.jp%2Fdigital%2Fvideoa%2F-%2Flist%2F%3D%2Farticle%3Dactress%2Fid%3D215%2F&af_id=souhub-990&ch=api,https://al.dmm.co.jp/?lurl=https%3A%2F%2Fwww.dmm.co.jp%2Fmonthly%2Fpremium%2F-%2Flist%2F%3D%2Farticle%3Dactress%2Fid%3D215%2F&af_id=souhub-990&ch=api,https://al.dmm.co.jp/?lurl=https%3A%2F%2Fwww.dmm.co.jp%2Fmono%2Fdvd%2F-%2Flist%2F%3D%2Farticle%3Dactress%2Fid%3D215%2F&af_id=souhub-990&ch=api,https://al.dmm.co.jp/?lurl=https%3A%2F%2Fwww.dmm.co.jp%2Frental%2Fppr%2F-%2Flist%2F%3D%2Farticle%3Dactress%2Fid%3D215%2F&af_id=souhub-990&ch=api
50,216,渋谷亜美,しぶやあみ,86,D,58,86,,1984-10-16,O,ショッピング、ダンス,,http://pics.dmm.co.jp/mono/actjpgs/thumbnail/sibuya_ami.jpg,http://pics.dmm.co.jp/mono/actjpgs/sibuya_ami.jpg,https://al.dmm.co.jp/?lurl=https%3A%2F%2Fwww.dmm.co.jp%2Fdigital%2Fvideoa%2F-%2Flist%2F%3D%2Farticle%3Dactress%2Fid%3D216%2F&af_id=souhub-990&ch=api,https://al.dmm.co.jp/?lurl=https%3A%2F%2Fwww.dmm.co.jp%2Fmonthly%2Fpremium%2F-%2Flist%2F%3D%2Farticle%3Dactress%2Fid%3D216%2F&af_id=souhub-990&ch=api,https://al.dmm.co.jp/?lurl=https%3A%2F%2Fwww.dmm.co.jp%2Fmono%2Fdvd%2F-%2Flist%2F%3D%2Farticle%3Dactress%2Fid%3D216%2F&af_id=souhub-990&ch=api,https://al.dmm.co.jp/?lurl=https%3A%2F%2Fwww.dmm.co.jp%2Frental%2Fppr%2F-%2Flist%2F%3D%2Farticle%3Dactress%2Fid%3D216%2F&af_id=souhub-990&ch=api
51,217,亜美果あゆ,あみかあゆ,92,F,59,87,,1981-01-23,,,,,,https://al.dmm.co.jp/?lurl=https%3A%2F%2Fwww.dmm.co.jp%2Fdigital%2Fvideoa%2F-%2Flist%2F%3D%2Farticle%3Dactress%2Fid%3D217%2F&af_id=souhub-990&ch=api,https://al.dmm.co.jp/?lurl=https%3A%2F%2Fwww.dmm.co.jp%2Fmonthly%2Fpremium%2F-%2Flist%2F%3D%2Farticle%3Dactress%2Fid%3D217%2F&af_id=souhub-990&ch=api,https://al.dmm.co.jp/?lurl=https%3A%2F%2Fwww.dmm.co.jp%2Fmono%2Fdvd%2F-%2Flist%2F%3D%2Farticle%3Dactress%2Fid%3D217%2F&af_id=souhub-990&ch=api,https://al.dmm.co.jp/?lurl=https%3A%2F%2Fwww.dmm.co.jp%2Frental%2Fppr%2F-%2Flist%2F%3D%2Farticle%3Dactress%2Fid%3D217%2F&af_id=souhub-990&ch=api
52,218,田辺真莉,たなべまり,85,,57,86,,,,,,http://pics.dmm.co.jp/mono/actjpgs/thumbnail/tanabe_mari.jpg,http://pics.dmm.co.jp/mono/actjpgs/tanabe_mari.jpg,https://al.dmm.co.jp/?lurl=https%3A%2F%2Fwww.dmm.co.jp%2Fdigital%2Fvideoa%2F-%2Flist%2F%3D%2Farticle%3Dactress%2Fid%3D218%2F&af_id=souhub-990&ch=api,https://al.dmm.co.jp/?lurl=https%3A%2F%2Fwww.dmm.co.jp%2Fmonthly%2Fpremium%2F-%2Flist%2F%3D%2Farticle%3Dactress%2Fid%3D218%2F&af_id=souhub-990&ch=api,https://al.dmm.co.jp/?lurl=https%3A%2F%2Fwww.dmm.co.jp%2Fmono%2Fdvd%2F-%2Flist%2F%3D%2Farticle%3Dactress%2Fid%3D218%2F&af_id=souhub-990&ch=api,https://al.dmm.co.jp/?lurl=https%3A%2F%2Fwww.dmm.co.jp%2Frental%2Fppr%2F-%2Flist%2F%3D%2Farticle%3Dactress%2Fid%3D218%2F&af_id=souhub-990&ch=api
53,219,阿久津美緒,あくつみお,,,,,,,,,,,,https://al.dmm.co.jp/?lurl=https%3A%2F%2Fwww.dmm.co.jp%2Fdigital%2Fvideoa%2F-%2Flist%2F%3D%2Farticle%3Dactress%2Fid%3D219%2F&af_id=souhub-990&ch=api,https://al.dmm.co.jp/?lurl=https%3A%2F%2Fwww.dmm.co.jp%2Fmonthly%2Fpremium%2F-%2Flist%2F%3D%2Farticle%3Dactress%2Fid%3D219%2F&af_id=souhub-990&ch=api,https://al.dmm.co.jp/?lurl=https%3A%2F%2Fwww.dmm.co.jp%2Fmono%2Fdvd%2F-%2Flist%2F%3D%2Farticle%3Dactress%2Fid%3D219%2F&af_id=souhub-990&ch=api,https://al.dmm.co.jp/?lurl=https%3A%2F%2Fwww.dmm.co.jp%2Frental%2Fppr%2F-%2Flist%2F%3D%2Farticle%3Dactress%2Fid%3D219%2F&af_id=souhub-990&ch=api
54,220,阿久津良子,あくつりょうこ,,,,,,,,,,,,https://al.dmm.co.jp/?lurl=https%3A%2F%2Fwww.dmm.co.jp%2Fdigital%2Fvideoa%2F-%2Flist%2F%3D%2Farticle%3Dactress%2Fid%3D220%2F&af_id=souhub-990&ch=api,https://al.dmm.co.jp/?lurl=https%3A%2F%2Fwww.dmm.co.jp%2Fmonthly%2Fpremium%2F-%2Flist%2F%3D%2Farticle%3Dactress%2Fid%3D220%2F&af_id=souhub-990&ch=api,https://al.dmm.co.jp/?lurl=https%3A%2F%2Fwww.dmm.co.jp%2Fmono%2Fdvd%2F-%2Flist%2F%3D%2Farticle%3Dactress%2Fid%3D220%2F&af_id=souhub-990&ch=api,https://al.dmm.co.jp/?lurl=https%3A%2F%2Fwww.dmm.co.jp%2Frental%2Fppr%2F-%2Flist%2F%3D%2Farticle%3Dactress%2Fid%3D220%2F&af_id=souhub-990&ch=api
55,221,阿部尚子,あべなおこ,,,,,,,,,,,,https://al.dmm.co.jp/?lurl=https%3A%2F%2Fwww.dmm.co.jp%2Fdigital%2Fvideoa%2F-%2Flist%2F%3D%2Farticle%3Dactress%2Fid%3D221%2F&af_id=souhub-990&ch=api,https://al.dmm.co.jp/?lurl=https%3A%2F%2Fwww.dmm.co.jp%2Fmonthly%2Fpremium%2F-%2Flist%2F%3D%2Farticle%3Dactress%2Fid%3D221%2F&af_id=souhub-990&ch=api,https://al.dmm.co.jp/?lurl=https%3A%2F%2Fwww.dmm.co.jp%2Fmono%2Fdvd%2F-%2Flist%2F%3D%2Farticle%3Dactress%2Fid%3D221%2F&af_id=souhub-990&ch=api,https://al.dmm.co.jp/?lurl=https%3A%2F%2Fwww.dmm.co.jp%2Frental%2Fppr%2F-%2Flist%2F%3D%2Farticle%3Dactress%2Fid%3D221%2F&af_id=souhub-990&ch=api
56,222,阿部麗子,あべれいこ,80,,57,86,,,A,スポーツジムに行く、音楽鑑賞,,,,https://al.dmm.co.jp/?lurl=https%3A%2F%2Fwww.dmm.co.jp%2Fdigital%2Fvideoa%2F-%2Flist%2F%3D%2Farticle%3Dactress%2Fid%3D222%2F&af_id=souhub-990&ch=api,https://al.dmm.co.jp/?lurl=https%3A%2F%2Fwww.dmm.co.jp%2Fmonthly%2Fpremium%2F-%2Flist%2F%3D%2Farticle%3Dactress%2Fid%3D222%2F&af_id=souhub-990&ch=api,https://al.dmm.co.jp/?lurl=https%3A%2F%2Fwww.dmm.co.jp%2Fmono%2Fdvd%2F-%2Flist%2F%3D%2Farticle%3Dactress%2Fid%3D222%2F&af_id=souhub-990&ch=api,https://al.dmm.co.jp/?lurl=https%3A%2F%2Fwww.dmm.co.jp%2Frental%2Fppr%2F-%2Flist%2F%3D%2Farticle%3Dactress%2Fid%3D222%2F&af_id=souhub-990&ch=api
57,224,愛河りえ,あいかわりえ,85,D,57,85,,,,,,,,https://al.dmm.co.jp/?lurl=https%3A%2F%2Fwww.dmm.co.jp%2Fdigital%2Fvideoa%2F-%2Flist%2F%3D%2Farticle%3Dactress%2Fid%3D224%2F&af_id=souhub-990&ch=api,https://al.dmm.co.jp/?lurl=https%3A%2F%2Fwww.dmm.co.jp%2Fmonthly%2Fpremium%2F-%2Flist%2F%3D%2Farticle%3Dactress%2Fid%3D224%2F&af_id=souhub-990&ch=api,https://al.dmm.co.jp/?lurl=https%3A%2F%2Fwww.dmm.co.jp%2Fmono%2Fdvd%2F-%2Flist%2F%3D%2Farticle%3Dactress%2Fid%3D224%2F&af_id=souhub-990&ch=api,https://al.dmm.co.jp/?lurl=https%3A%2F%2Fwww.dmm.co.jp%2Frental%2Fppr%2F-%2Flist%2F%3D%2Farticle%3Dactress%2Fid%3D224%2F&af_id=souhub-990&ch=api
58,225,愛咲ゆい,あいさきゆい,90,,60,90,,1980-05-21,AB,,,http://pics.dmm.co.jp/mono/actjpgs/thumbnail/aisaki_yui.jpg,http://pics.dmm.co.jp/mono/actjpgs/aisaki_yui.jpg,https://al.dmm.co.jp/?lurl=https%3A%2F%2Fwww.dmm.co.jp%2Fdigital%2Fvideoa%2F-%2Flist%2F%3D%2Farticle%3Dactress%2Fid%3D225%2F&af_id=souhub-990&ch=api,https://al.dmm.co.jp/?lurl=https%3A%2F%2Fwww.dmm.co.jp%2Fmonthly%2Fpremium%2F-%2Flist%2F%3D%2Farticle%3Dactress%2Fid%3D225%2F&af_id=souhub-990&ch=api,https://al.dmm.co.jp/?lurl=https%3A%2F%2Fwww.dmm.co.jp%2Fmono%2Fdvd%2F-%2Flist%2F%3D%2Farticle%3Dactress%2Fid%3D225%2F&af_id=souhub-990&ch=api,https://al.dmm.co.jp/?lurl=https%3A%2F%2Fwww.dmm.co.jp%2Frental%2Fppr%2F-%2Flist%2F%3D%2Farticle%3Dactress%2Fid%3D225%2F&af_id=souhub-990&ch=api
59,226,愛咲祥子,あいさきしょうこ,,,,,,,,,,,,https://al.dmm.co.jp/?lurl=https%3A%2F%2Fwww.dmm.co.jp%2Fdigital%2Fvideoa%2F-%2Flist%2F%3D%2Farticle%3Dactress%2Fid%3D226%2F&af_id=souhub-990&ch=api,https://al.dmm.co.jp/?lurl=https%3A%2F%2Fwww.dmm.co.jp%2Fmonthly%2Fpremium%2F-%2Flist%2F%3D%2Farticle%3Dactress%2Fid%3D226%2F&af_id=souhub-990&ch=api,https://al.dmm.co.jp/?lurl=https%3A%2F%2Fwww.dmm.co.jp%2Fmono%2Fdvd%2F-%2Flist%2F%3D%2Farticle%3Dactress%2Fid%3D226%2F&af_id=souhub-990&ch=api,https://al.dmm.co.jp/?lurl=https%3A%2F%2Fwww.dmm.co.jp%2Frental%2Fppr%2F-%2Flist%2F%3D%2Farticle%3Dactress%2Fid%3D226%2F&af_id=souhub-990&ch=api
60,309,井原麻里絵,いはらまりえ,,,,,,,,,,,,https://al.dmm.co.jp/?lurl=https%3A%2F%2Fwww.dmm.co.jp%2Fdigital%2Fvideoa%2F-%2Flist%2F%3D%2Farticle%3Dactress%2Fid%3D309%2F&af_id=souhub-990&ch=api,https://al.dmm.co.jp/?lurl=https%3A%2F%2Fwww.dmm.co.jp%2Fmonthly%2Fpremium%2F-%2Flist%2F%3D%2Farticle%3Dactress%2Fid%3D309%2F&af_id=souhub-990&ch=api,https://al.dmm.co.jp/?lurl=https%3A%2F%2Fwww.dmm.co.jp%2Fmono%2Fdvd%2F-%2Flist%2F%3D%2Farticle%3Dactress%2Fid%3D309%2F&af_id=souhub-990&ch=api,https://al.dmm.co.jp/?lurl=https%3A%2F%2Fwww.dmm.co.jp%2Frental%2Fppr%2F-%2Flist%2F%3D%2Farticle%3Dactress%2Fid%3D309%2F&af_id=souhub-990&ch=api
61,310,井上あいり,いのうえあいり,81,B,57,83,162,1976-02-14,,,,,,https://al.dmm.co.jp/?lurl=https%3A%2F%2Fwww.dmm.co.jp%2Fdigital%2Fvideoa%2F-%2Flist%2F%3D%2Farticle%3Dactress%2Fid%3D310%2F&af_id=souhub-990&ch=api,https://al.dmm.co.jp/?lurl=https%3A%2F%2Fwww.dmm.co.jp%2Fmonthly%2Fpremium%2F-%2Flist%2F%3D%2Farticle%3Dactress%2Fid%3D310%2F&af_id=souhub-990&ch=api,https://al.dmm.co.jp/?lurl=https%3A%2F%2Fwww.dmm.co.jp%2Fmono%2Fdvd%2F-%2Flist%2F%3D%2Farticle%3Dactress%2Fid%3D310%2F&af_id=souhub-990&ch=api,https://al.dmm.co.jp/?lurl=https%3A%2F%2Fwww.dmm.co.jp%2Frental%2Fppr%2F-%2Flist%2F%3D%2Farticle%3Dactress%2Fid%3D310%2F&af_id=souhub-990&ch=api
62,311,井上あんり,いのうえあんり,83,,56,80,156,1966-10-15,,,,http://pics.dmm.co.jp/mono/actjpgs/thumbnail/inoue_anri.jpg,http://pics.dmm.co.jp/mono/actjpgs/inoue_anri.jpg,https://al.dmm.co.jp/?lurl=https%3A%2F%2Fwww.dmm.co.jp%2Fdigital%2Fvideoa%2F-%2Flist%2F%3D%2Farticle%3Dactress%2Fid%3D311%2F&af_id=souhub-990&ch=api,https://al.dmm.co.jp/?lurl=https%3A%2F%2Fwww.dmm.co.jp%2Fmonthly%2Fpremium%2F-%2Flist%2F%3D%2Farticle%3Dactress%2Fid%3D311%2F&af_id=souhub-990&ch=api,https://al.dmm.co.jp/?lurl=https%3A%2F%2Fwww.dmm.co.jp%2Fmono%2Fdvd%2F-%2Flist%2F%3D%2Farticle%3Dactress%2Fid%3D311%2F&af_id=souhub-990&ch=api,https://al.dmm.co.jp/?lurl=https%3A%2F%2Fwww.dmm.co.jp%2Frental%2Fppr%2F-%2Flist%2F%3D%2Farticle%3Dactress%2Fid%3D311%2F&af_id=souhub-990&ch=api
63,312,井上かすみ,いのうえかすみ,,,,,,,,,,http://pics.dmm.co.jp/mono/actjpgs/thumbnail/inoue_kasumi.jpg,http://pics.dmm.co.jp/mono/actjpgs/inoue_kasumi.jpg,https://al.dmm.co.jp/?lurl=https%3A%2F%2Fwww.dmm.co.jp%2Fdigital%2Fvideoa%2F-%2Flist%2F%3D%2Farticle%3Dactress%2Fid%3D312%2F&af_id=souhub-990&ch=api,https://al.dmm.co.jp/?lurl=https%3A%2F%2Fwww.dmm.co.jp%2Fmonthly%2Fpremium%2F-%2Flist%2F%3D%2Farticle%3Dactress%2Fid%3D312%2F&af_id=souhub-990&ch=api,https://al.dmm.co.jp/?lurl=https%3A%2F%2Fwww.dmm.co.jp%2Fmono%2Fdvd%2F-%2Flist%2F%3D%2Farticle%3Dactress%2Fid%3D312%2F&af_id=souhub-990&ch=api,https://al.dmm.co.jp/?lurl=https%3A%2F%2Fwww.dmm.co.jp%2Frental%2Fppr%2F-%2Flist%2F%3D%2Farticle%3Dactress%2Fid%3D312%2F&af_id=souhub-990&ch=api
64,313,井上たか,いのうえたか,,,,,,,,,,,,https://al.dmm.co.jp/?lurl=https%3A%2F%2Fwww.dmm.co.jp%2Fdigital%2Fvideoa%2F-%2Flist%2F%3D%2Farticle%3Dactress%2Fid%3D313%2F&af_id=souhub-990&ch=api,https://al.dmm.co.jp/?lurl=https%3A%2F%2Fwww.dmm.co.jp%2Fmonthly%2Fpremium%2F-%2Flist%2F%3D%2Farticle%3Dactress%2Fid%3D313%2F&af_id=souhub-990&ch=api,https://al.dmm.co.jp/?lurl=https%3A%2F%2Fwww.dmm.co.jp%2Fmono%2Fdvd%2F-%2Flist%2F%3D%2Farticle%3Dactress%2Fid%3D313%2F&af_id=souhub-990&ch=api,https://al.dmm.co.jp/?lurl=https%3A%2F%2Fwww.dmm.co.jp%2Frental%2Fppr%2F-%2Flist%2F%3D%2Farticle%3Dactress%2Fid%3D313%2F&af_id=souhub-990&ch=api
65,314,井上なつき,いのうえなつき,88,,56,85,,,A,ゲーム,,,,https://al.dmm.co.jp/?lurl=https%3A%2F%2Fwww.dmm.co.jp%2Fdigital%2Fvideoa%2F-%2Flist%2F%3D%2Farticle%3Dactress%2Fid%3D314%2F&af_id=souhub-990&ch=api,https://al.dmm.co.jp/?lurl=https%3A%2F%2Fwww.dmm.co.jp%2Fmonthly%2Fpremium%2F-%2Flist%2F%3D%2Farticle%3Dactress%2Fid%3D314%2F&af_id=souhub-990&ch=api,https://al.dmm.co.jp/?lurl=https%3A%2F%2Fwww.dmm.co.jp%2Fmono%2Fdvd%2F-%2Flist%2F%3D%2Farticle%3Dactress%2Fid%3D314%2F&af_id=souhub-990&ch=api,https://al.dmm.co.jp/?lurl=https%3A%2F%2Fwww.dmm.co.jp%2Frental%2Fppr%2F-%2Flist%2F%3D%2Farticle%3Dactress%2Fid%3D314%2F&af_id=souhub-990&ch=api
66,315,井上りか,いのうえりか,,,,,,,,,,,,https://al.dmm.co.jp/?lurl=https%3A%2F%2Fwww.dmm.co.jp%2Fdigital%2Fvideoa%2F-%2Flist%2F%3D%2Farticle%3Dactress%2Fid%3D315%2F&af_id=souhub-990&ch=api,https://al.dmm.co.jp/?lurl=https%3A%2F%2Fwww.dmm.co.jp%2Fmonthly%2Fpremium%2F-%2Flist%2F%3D%2Farticle%3Dactress%2Fid%3D315%2F&af_id=souhub-990&ch=api,https://al.dmm.co.jp/?lurl=https%3A%2F%2Fwww.dmm.co.jp%2Fmono%2Fdvd%2F-%2Flist%2F%3D%2Farticle%3Dactress%2Fid%3D315%2F&af_id=souhub-990&ch=api,https://al.dmm.co.jp/?lurl=https%3A%2F%2Fwww.dmm.co.jp%2Frental%2Fppr%2F-%2Flist%2F%3D%2Farticle%3Dactress%2Fid%3D315%2F&af_id=souhub-990&ch=api
67,316,井上咲,いのうえさき,,,,,,,,,,,,https://al.dmm.co.jp/?lurl=https%3A%2F%2Fwww.dmm.co.jp%2Fdigital%2Fvideoa%2F-%2Flist%2F%3D%2Farticle%3Dactress%2Fid%3D316%2F&af_id=souhub-990&ch=api,https://al.dmm.co.jp/?lurl=https%3A%2F%2Fwww.dmm.co.jp%2Fmonthly%2Fpremium%2F-%2Flist%2F%3D%2Farticle%3Dactress%2Fid%3D316%2F&af_id=souhub-990&ch=api,https://al.dmm.co.jp/?lurl=https%3A%2F%2Fwww.dmm.co.jp%2Fmono%2Fdvd%2F-%2Flist%2F%3D%2Farticle%3Dactress%2Fid%3D316%2F&af_id=souhub-990&ch=api,https://al.dmm.co.jp/?lurl=https%3A%2F%2Fwww.dmm.co.jp%2Frental%2Fppr%2F-%2Flist%2F%3D%2Farticle%3Dactress%2Fid%3D316%2F&af_id=souhub-990&ch=api
68,317,井上詩織,いのうえしおり,80,C,58,85,155,1978-03-28,A,遊園地巡り、読書,北海道,http://pics.dmm.co.jp/mono/actjpgs/thumbnail/inoue_siori.jpg,http://pics.dmm.co.jp/mono/actjpgs/inoue_siori.jpg,https://al.dmm.co.jp/?lurl=https%3A%2F%2Fwww.dmm.co.jp%2Fdigital%2Fvideoa%2F-%2Flist%2F%3D%2Farticle%3Dactress%2Fid%3D317%2F&af_id=souhub-990&ch=api,https://al.dmm.co.jp/?lurl=https%3A%2F%2Fwww.dmm.co.jp%2Fmonthly%2Fpremium%2F-%2Flist%2F%3D%2Farticle%3Dactress%2Fid%3D317%2F&af_id=souhub-990&ch=api,https://al.dmm.co.jp/?lurl=https%3A%2F%2Fwww.dmm.co.jp%2Fmono%2Fdvd%2F-%2Flist%2F%3D%2Farticle%3Dactress%2Fid%3D317%2F&af_id=souhub-990&ch=api,https://al.dmm.co.jp/?lurl=https%3A%2F%2Fwww.dmm.co.jp%2Frental%2Fppr%2F-%2Flist%2F%3D%2Farticle%3Dactress%2Fid%3D317%2F&af_id=souhub-990&ch=api
69,318,井上静香,いのうえしずか,,,,,,,,,,http://pics.dmm.co.jp/mono/actjpgs/thumbnail/inoue_sizuka.jpg,http://pics.dmm.co.jp/mono/actjpgs/inoue_sizuka.jpg,https://al.dmm.co.jp/?lurl=https%3A%2F%2Fwww.dmm.co.jp%2Fdigital%2Fvideoa%2F-%2Flist%2F%3D%2Farticle%3Dactress%2Fid%3D318%2F&af_id=souhub-990&ch=api,https://al.dmm.co.jp/?lurl=https%3A%2F%2Fwww.dmm.co.jp%2Fmonthly%2Fpremium%2F-%2Flist%2F%3D%2Farticle%3Dactress%2Fid%3D318%2F&af_id=souhub-990&ch=api,https://al.dmm.co.jp/?lurl=https%3A%2F%2Fwww.dmm.co.jp%2Fmono%2Fdvd%2F-%2Flist%2F%3D%2Farticle%3Dactress%2Fid%3D318%2F&af_id=souhub-990&ch=api,https://al.dmm.co.jp/?lurl=https%3A%2F%2Fwww.dmm.co.jp%2Frental%2Fppr%2F-%2Flist%2F%3D%2Farticle%3Dactress%2Fid%3D318%2F&af_id=souhub-990&ch=api
70,319,井上千尋（黒崎さゆり）,いのうえちひろ（くろさきさゆり）,96,G,62,90,174,1979-03-01,B,ダンス,東京都,http://pics.dmm.co.jp/mono/actjpgs/thumbnail/inoue_tihiro.jpg,http://pics.dmm.co.jp/mono/actjpgs/inoue_tihiro.jpg,https://al.dmm.co.jp/?lurl=https%3A%2F%2Fwww.dmm.co.jp%2Fdigital%2Fvideoa%2F-%2Flist%2F%3D%2Farticle%3Dactress%2Fid%3D319%2F&af_id=souhub-990&ch=api,https://al.dmm.co.jp/?lurl=https%3A%2F%2Fwww.dmm.co.jp%2Fmonthly%2Fpremium%2F-%2Flist%2F%3D%2Farticle%3Dactress%2Fid%3D319%2F&af_id=souhub-990&ch=api,https://al.dmm.co.jp/?lurl=https%3A%2F%2Fwww.dmm.co.jp%2Fmono%2Fdvd%2F-%2Flist%2F%3D%2Farticle%3Dactress%2Fid%3D319%2F&af_id=souhub-990&ch=api,https://al.dmm.co.jp/?lurl=https%3A%2F%2Fwww.dmm.co.jp%2Frental%2Fppr%2F-%2Flist%2F%3D%2Farticle%3Dactress%2Fid%3D319%2F&af_id=souhub-990&ch=api
71,320,井上多香子,いのうえたかこ,,,,,,,,,,,,https://al.dmm.co.jp/?lurl=https%3A%2F%2Fwww.dmm.co.jp%2Fdigital%2Fvideoa%2F-%2Flist%2F%3D%2Farticle%3Dactress%2Fid%3D320%2F&af_id=souhub-990&ch=api,https://al.dmm.co.jp/?lurl=https%3A%2F%2Fwww.dmm.co.jp%2Fmonthly%2Fpremium%2F-%2Flist%2F%3D%2Farticle%3Dactress%2Fid%3D320%2F&af_id=souhub-990&ch=api,https://al.dmm.co.jp/?lurl=https%3A%2F%2Fwww.dmm.co.jp%2Fmono%2Fdvd%2F-%2Flist%2F%3D%2Farticle%3Dactress%2Fid%3D320%2F&af_id=souhub-990&ch=api,https://al.dmm.co.jp/?lurl=https%3A%2F%2Fwww.dmm.co.jp%2Frental%2Fppr%2F-%2Flist%2F%3D%2Farticle%3Dactress%2Fid%3D320%2F&af_id=souhub-990&ch=api
72,321,井上直美,いのうえなおみ,,,,,,,,,,,,https://al.dmm.co.jp/?lurl=https%3A%2F%2Fwww.dmm.co.jp%2Fdigital%2Fvideoa%2F-%2Flist%2F%3D%2Farticle%3Dactress%2Fid%3D321%2F&af_id=souhub-990&ch=api,https://al.dmm.co.jp/?lurl=https%3A%2F%2Fwww.dmm.co.jp%2Fmonthly%2Fpremium%2F-%2Flist%2F%3D%2Farticle%3Dactress%2Fid%3D321%2F&af_id=souhub-990&ch=api,https://al.dmm.co.jp/?lurl=https%3A%2F%2Fwww.dmm.co.jp%2Fmono%2Fdvd%2F-%2Flist%2F%3D%2Farticle%3Dactress%2Fid%3D321%2F&af_id=souhub-990&ch=api,https://al.dmm.co.jp/?lurl=https%3A%2F%2Fwww.dmm.co.jp%2Frental%2Fppr%2F-%2Flist%2F%3D%2Farticle%3Dactress%2Fid%3D321%2F&af_id=souhub-990&ch=api
73,322,井上麻衣,いのうえまい,,,,,,,,,,http://pics.dmm.co.jp/mono/actjpgs/thumbnail/inoue_mai.jpg,http://pics.dmm.co.jp/mono/actjpgs/inoue_mai.jpg,https://al.dmm.co.jp/?lurl=https%3A%2F%2Fwww.dmm.co.jp%2Fdigital%2Fvideoa%2F-%2Flist%2F%3D%2Farticle%3Dactress%2Fid%3D322%2F&af_id=souhub-990&ch=api,https://al.dmm.co.jp/?lurl=https%3A%2F%2Fwww.dmm.co.jp%2Fmonthly%2Fpremium%2F-%2Flist%2F%3D%2Farticle%3Dactress%2Fid%3D322%2F&af_id=souhub-990&ch=api,https://al.dmm.co.jp/?lurl=https%3A%2F%2Fwww.dmm.co.jp%2Fmono%2Fdvd%2F-%2Flist%2F%3D%2Farticle%3Dactress%2Fid%3D322%2F&af_id=souhub-990&ch=api,https://al.dmm.co.jp/?lurl=https%3A%2F%2Fwww.dmm.co.jp%2Frental%2Fppr%2F-%2Flist%2F%3D%2Farticle%3Dactress%2Fid%3D322%2F&af_id=souhub-990&ch=api
74,323,井上優,いのうえゆう,90,,60,84,,1984-07-10,O,ビデオ鑑賞、スノーボード,,http://pics.dmm.co.jp/mono/actjpgs/thumbnail/inoue_yuu.jpg,http://pics.dmm.co.jp/mono/actjpgs/inoue_yuu.jpg,https://al.dmm.co.jp/?lurl=https%3A%2F%2Fwww.dmm.co.jp%2Fdigital%2Fvideoa%2F-%2Flist%2F%3D%2Farticle%3Dactress%2Fid%3D323%2F&af_id=souhub-990&ch=api,https://al.dmm.co.jp/?lurl=https%3A%2F%2Fwww.dmm.co.jp%2Fmonthly%2Fpremium%2F-%2Flist%2F%3D%2Farticle%3Dactress%2Fid%3D323%2F&af_id=souhub-990&ch=api,https://al.dmm.co.jp/?lurl=https%3A%2F%2Fwww.dmm.co.jp%2Fmono%2Fdvd%2F-%2Flist%2F%3D%2Farticle%3Dactress%2Fid%3D323%2F&af_id=souhub-990&ch=api,https://al.dmm.co.jp/?lurl=https%3A%2F%2Fwww.dmm.co.jp%2Frental%2Fppr%2F-%2Flist%2F%3D%2Farticle%3Dactress%2Fid%3D323%2F&af_id=souhub-990&ch=api
75,324,井上優香,いのうえゆうか,83,C,59,88,,1978-09-07,O,音楽鑑賞,,http://pics.dmm.co.jp/mono/actjpgs/thumbnail/inoue_yuuka.jpg,http://pics.dmm.co.jp/mono/actjpgs/inoue_yuuka.jpg,https://al.dmm.co.jp/?lurl=https%3A%2F%2Fwww.dmm.co.jp%2Fdigital%2Fvideoa%2F-%2Flist%2F%3D%2Farticle%3Dactress%2Fid%3D324%2F&af_id=souhub-990&ch=api,https://al.dmm.co.jp/?lurl=https%3A%2F%2Fwww.dmm.co.jp%2Fmonthly%2Fpremium%2F-%2Flist%2F%3D%2Farticle%3Dactress%2Fid%3D324%2F&af_id=souhub-990&ch=api,https://al.dmm.co.jp/?lurl=https%3A%2F%2Fwww.dmm.co.jp%2Fmono%2Fdvd%2F-%2Flist%2F%3D%2Farticle%3Dactress%2Fid%3D324%2F&af_id=souhub-990&ch=api,https://al.dmm.co.jp/?lurl=https%3A%2F%2Fwww.dmm.co.jp%2Frental%2Fppr%2F-%2Flist%2F%3D%2Farticle%3Dactress%2Fid%3D324%2F&af_id=souhub-990&ch=api
76,325,井森優,いもりゆう,,,,,,,,,,,,https://al.dmm.co.jp/?lurl=https%3A%2F%2Fwww.dmm.co.jp%2Fdigital%2Fvideoa%2F-%2Flist%2F%3D%2Farticle%3Dactress%2Fid%3D325%2F&af_id=souhub-990&ch=api,https://al.dmm.co.jp/?lurl=https%3A%2F%2Fwww.dmm.co.jp%2Fmonthly%2Fpremium%2F-%2Flist%2F%3D%2Farticle%3Dactress%2Fid%3D325%2F&af_id=souhub-990&ch=api,https://al.dmm.co.jp/?lurl=https%3A%2F%2Fwww.dmm.co.jp%2Fmono%2Fdvd%2F-%2Flist%2F%3D%2Farticle%3Dactress%2Fid%3D325%2F&af_id=souhub-990&ch=api,https://al.dmm.co.jp/?lurl=https%3A%2F%2Fwww.dmm.co.jp%2Frental%2Fppr%2F-%2Flist%2F%3D%2Farticle%3Dactress%2Fid%3D325%2F&af_id=souhub-990&ch=api
77,326,井深樹里,いぶかじゅり,,,,,,,,,,,,https://al.dmm.co.jp/?lurl=https%3A%2F%2Fwww.dmm.co.jp%2Fdigital%2Fvideoa%2F-%2Flist%2F%3D%2Farticle%3Dactress%2Fid%3D326%2F&af_id=souhub-990&ch=api,https://al.dmm.co.jp/?lurl=https%3A%2F%2Fwww.dmm.co.jp%2Fmonthly%2Fpremium%2F-%2Flist%2F%3D%2Farticle%3Dactress%2Fid%3D326%2F&af_id=souhub-990&ch=api,https://al.dmm.co.jp/?lurl=https%3A%2F%2Fwww.dmm.co.jp%2Fmono%2Fdvd%2F-%2Flist%2F%3D%2Farticle%3Dactress%2Fid%3D326%2F&af_id=souhub-990&ch=api,https://al.dmm.co.jp/?lurl=https%3A%2F%2Fwww.dmm.co.jp%2Frental%2Fppr%2F-%2Flist%2F%3D%2Farticle%3Dactress%2Fid%3D326%2F&af_id=souhub-990&ch=api
78,327,井川しのぶ,いがわしのぶ,92,,60,90,163,,,,,http://pics.dmm.co.jp/mono/actjpgs/thumbnail/igawa_sinobu.jpg,http://pics.dmm.co.jp/mono/actjpgs/igawa_sinobu.jpg,https://al.dmm.co.jp/?lurl=https%3A%2F%2Fwww.dmm.co.jp%2Fdigital%2Fvideoa%2F-%2Flist%2F%3D%2Farticle%3Dactress%2Fid%3D327%2F&af_id=souhub-990&ch=api,https://al.dmm.co.jp/?lurl=https%3A%2F%2Fwww.dmm.co.jp%2Fmonthly%2Fpremium%2F-%2Flist%2F%3D%2Farticle%3Dactress%2Fid%3D327%2F&af_id=souhub-990&ch=api,https://al.dmm.co.jp/?lurl=https%3A%2F%2Fwww.dmm.co.jp%2Fmono%2Fdvd%2F-%2Flist%2F%3D%2Farticle%3Dactress%2Fid%3D327%2F&af_id=souhub-990&ch=api,https://al.dmm.co.jp/?lurl=https%3A%2F%2Fwww.dmm.co.jp%2Frental%2Fppr%2F-%2Flist%2F%3D%2Farticle%3Dactress%2Fid%3D327%2F&af_id=souhub-990&ch=api
79,328,井川樹理,いがわじゅり,82,,61,85,,,,,,http://pics.dmm.co.jp/mono/actjpgs/thumbnail/igawa_zyuri.jpg,http://pics.dmm.co.jp/mono/actjpgs/igawa_zyuri.jpg,https://al.dmm.co.jp/?lurl=https%3A%2F%2Fwww.dmm.co.jp%2Fdigital%2Fvideoa%2F-%2Flist%2F%3D%2Farticle%3Dactress%2Fid%3D328%2F&af_id=souhub-990&ch=api,https://al.dmm.co.jp/?lurl=https%3A%2F%2Fwww.dmm.co.jp%2Fmonthly%2Fpremium%2F-%2Flist%2F%3D%2Farticle%3Dactress%2Fid%3D328%2F&af_id=souhub-990&ch=api,https://al.dmm.co.jp/?lurl=https%3A%2F%2Fwww.dmm.co.jp%2Fmono%2Fdvd%2F-%2Flist%2F%3D%2Farticle%3Dactress%2Fid%3D328%2F&af_id=souhub-990&ch=api,https://al.dmm.co.jp/?lurl=https%3A%2F%2Fwww.dmm.co.jp%2Frental%2Fppr%2F-%2Flist%2F%3D%2Farticle%3Dactress%2Fid%3D328%2F&af_id=souhub-990&ch=api
80,412,奥田結菜,おくだゆな,,,,,,,,,,,,https://al.dmm.co.jp/?lurl=https%3A%2F%2Fwww.dmm.co.jp%2Fdigital%2Fvideoa%2F-%2Flist%2F%3D%2Farticle%3Dactress%2Fid%3D412%2F&af_id=souhub-990&ch=api,https://al.dmm.co.jp/?lurl=https%3A%2F%2Fwww.dmm.co.jp%2Fmonthly%2Fpremium%2F-%2Flist%2F%3D%2Farticle%3Dactress%2Fid%3D412%2F&af_id=souhub-990&ch=api,https://al.dmm.co.jp/?lurl=https%3A%2F%2Fwww.dmm.co.jp%2Fmono%2Fdvd%2F-%2Flist%2F%3D%2Farticle%3Dactress%2Fid%3D412%2F&af_id=souhub-990&ch=api,https://al.dmm.co.jp/?lurl=https%3A%2F%2Fwww.dmm.co.jp%2Frental%2Fppr%2F-%2Flist%2F%3D%2Farticle%3Dactress%2Fid%3D412%2F&af_id=souhub-990&ch=api
81,413,奥田麻衣,おくだまい,,,,,,,,,,,,https://al.dmm.co.jp/?lurl=https%3A%2F%2Fwww.dmm.co.jp%2Fdigital%2Fvideoa%2F-%2Flist%2F%3D%2Farticle%3Dactress%2Fid%3D413%2F&af_id=souhub-990&ch=api,https://al.dmm.co.jp/?lurl=https%3A%2F%2Fwww.dmm.co.jp%2Fmonthly%2Fpremium%2F-%2Flist%2F%3D%2Farticle%3Dactress%2Fid%3D413%2F&af_id=souhub-990&ch=api,https://al.dmm.co.jp/?lurl=https%3A%2F%2Fwww.dmm.co.jp%2Fmono%2Fdvd%2F-%2Flist%2F%3D%2Farticle%3Dactress%2Fid%3D413%2F&af_id=souhub-990&ch=api,https://al.dmm.co.jp/?lurl=https%3A%2F%2Fwww.dmm.co.jp%2Frental%2Fppr%2F-%2Flist%2F%3D%2Farticle%3Dactress%2Fid%3D413%2F&af_id=souhub-990&ch=api
82,414,奥田唯,おくだゆい,95,G,60,90,157,1980-02-14,O,,大阪府,http://pics.dmm.co.jp/mono/actjpgs/thumbnail/okuda_yui.jpg,http://pics.dmm.co.jp/mono/actjpgs/okuda_yui.jpg,https://al.dmm.co.jp/?lurl=https%3A%2F%2Fwww.dmm.co.jp%2Fdigital%2Fvideoa%2F-%2Flist%2F%3D%2Farticle%3Dactress%2Fid%3D414%2F&af_id=souhub-990&ch=api,https://al.dmm.co.jp/?lurl=https%3A%2F%2Fwww.dmm.co.jp%2Fmonthly%2Fpremium%2F-%2Flist%2F%3D%2Farticle%3Dactress%2Fid%3D414%2F&af_id=souhub-990&ch=api,https://al.dmm.co.jp/?lurl=https%3A%2F%2Fwww.dmm.co.jp%2Fmono%2Fdvd%2F-%2Flist%2F%3D%2Farticle%3Dactress%2Fid%3D414%2F&af_id=souhub-990&ch=api,https://al.dmm.co.jp/?lurl=https%3A%2F%2Fwww.dmm.co.jp%2Frental%2Fppr%2F-%2Flist%2F%3D%2Farticle%3Dactress%2Fid%3D414%2F&af_id=souhub-990&ch=api
83,415,鈴,すず,,,,,,,,,,,,https://al.dmm.co.jp/?lurl=https%3A%2F%2Fwww.dmm.co.jp%2Fdigital%2Fvideoa%2F-%2Flist%2F%3D%2Farticle%3Dactress%2Fid%3D415%2F&af_id=souhub-990&ch=api,https://al.dmm.co.jp/?lurl=https%3A%2F%2Fwww.dmm.co.jp%2Fmonthly%2Fpremium%2F-%2Flist%2F%3D%2Farticle%3Dactress%2Fid%3D415%2F&af_id=souhub-990&ch=api,https://al.dmm.co.jp/?lurl=https%3A%2F%2Fwww.dmm.co.jp%2Fmono%2Fdvd%2F-%2Flist%2F%3D%2Farticle%3Dactress%2Fid%3D415%2F&af_id=souhub-990&ch=api,https://al.dmm.co.jp/?lurl=https%3A%2F%2Fwww.dmm.co.jp%2Frental%2Fppr%2F-%2Flist%2F%3D%2Farticle%3Dactress%2Fid%3D415%2F&af_id=souhub-990&ch=api
84,416,横山エリ,よこやまえり,,,,,,,,,,http://pics.dmm.co.jp/mono/actjpgs/thumbnail/yokoyama_eri.jpg,http://pics.dmm.co.jp/mono/actjpgs/yokoyama_eri.jpg,https://al.dmm.co.jp/?lurl=https%3A%2F%2Fwww.dmm.co.jp%2Fdigital%2Fvideoa%2F-%2Flist%2F%3D%2Farticle%3Dactress%2Fid%3D416%2F&af_id=souhub-990&ch=api,https://al.dmm.co.jp/?lurl=https%3A%2F%2Fwww.dmm.co.jp%2Fmonthly%2Fpremium%2F-%2Flist%2F%3D%2Farticle%3Dactress%2Fid%3D416%2F&af_id=souhub-990&ch=api,https://al.dmm.co.jp/?lurl=https%3A%2F%2Fwww.dmm.co.jp%2Fmono%2Fdvd%2F-%2Flist%2F%3D%2Farticle%3Dactress%2Fid%3D416%2F&af_id=souhub-990&ch=api,https://al.dmm.co.jp/?lurl=https%3A%2F%2Fwww.dmm.co.jp%2Frental%2Fppr%2F-%2Flist%2F%3D%2Farticle%3Dactress%2Fid%3D416%2F&af_id=souhub-990&ch=api
85,417,横山みゆき,よこやまみゆき,,,,,,,,,,,,https://al.dmm.co.jp/?lurl=https%3A%2F%2Fwww.dmm.co.jp%2Fdigital%2Fvideoa%2F-%2Flist%2F%3D%2Farticle%3Dactress%2Fid%3D417%2F&af_id=souhub-990&ch=api,https://al.dmm.co.jp/?lurl=https%3A%2F%2Fwww.dmm.co.jp%2Fmonthly%2Fpremium%2F-%2Flist%2F%3D%2Farticle%3Dactress%2Fid%3D417%2F&af_id=souhub-990&ch=api,https://al.dmm.co.jp/?lurl=https%3A%2F%2Fwww.dmm.co.jp%2Fmono%2Fdvd%2F-%2Flist%2F%3D%2Farticle%3Dactress%2Fid%3D417%2F&af_id=souhub-990&ch=api,https://al.dmm.co.jp/?lurl=https%3A%2F%2Fwww.dmm.co.jp%2Frental%2Fppr%2F-%2Flist%2F%3D%2Farticle%3Dactress%2Fid%3D417%2F&af_id=souhub-990&ch=api
86,418,横山亜美,よこやまあみ,,,,,,,,,,http://pics.dmm.co.jp/mono/actjpgs/thumbnail/yokoyama_ami.jpg,http://pics.dmm.co.jp/mono/actjpgs/yokoyama_ami.jpg,https://al.dmm.co.jp/?lurl=https%3A%2F%2Fwww.dmm.co.jp%2Fdigital%2Fvideoa%2F-%2Flist%2F%3D%2Farticle%3Dactress%2Fid%3D418%2F&af_id=souhub-990&ch=api,https://al.dmm.co.jp/?lurl=https%3A%2F%2Fwww.dmm.co.jp%2Fmonthly%2Fpremium%2F-%2Flist%2F%3D%2Farticle%3Dactress%2Fid%3D418%2F&af_id=souhub-990&ch=api,https://al.dmm.co.jp/?lurl=https%3A%2F%2Fwww.dmm.co.jp%2Fmono%2Fdvd%2F-%2Flist%2F%3D%2Farticle%3Dactress%2Fid%3D418%2F&af_id=souhub-990&ch=api,https://al.dmm.co.jp/?lurl=https%3A%2F%2Fwww.dmm.co.jp%2Frental%2Fppr%2F-%2Flist%2F%3D%2Farticle%3Dactress%2Fid%3D418%2F&af_id=souhub-990&ch=api
87,419,横山沙織,よこやまさおり,82,,58,83,,,,,,http://pics.dmm.co.jp/mono/actjpgs/thumbnail/yokoyama_saori.jpg,http://pics.dmm.co.jp/mono/actjpgs/yokoyama_saori.jpg,https://al.dmm.co.jp/?lurl=https%3A%2F%2Fwww.dmm.co.jp%2Fdigital%2Fvideoa%2F-%2Flist%2F%3D%2Farticle%3Dactress%2Fid%3D419%2F&af_id=souhub-990&ch=api,https://al.dmm.co.jp/?lurl=https%3A%2F%2Fwww.dmm.co.jp%2Fmonthly%2Fpremium%2F-%2Flist%2F%3D%2Farticle%3Dactress%2Fid%3D419%2F&af_id=souhub-990&ch=api,https://al.dmm.co.jp/?lurl=https%3A%2F%2Fwww.dmm.co.jp%2Fmono%2Fdvd%2F-%2Flist%2F%3D%2Farticle%3Dactress%2Fid%3D419%2F&af_id=souhub-990&ch=api,https://al.dmm.co.jp/?lurl=https%3A%2F%2Fwww.dmm.co.jp%2Frental%2Fppr%2F-%2Flist%2F%3D%2Farticle%3Dactress%2Fid%3D419%2F&af_id=souhub-990&ch=api
88,420,横山真奈美,よこやままなみ,,,,,,,,,,,,https://al.dmm.co.jp/?lurl=https%3A%2F%2Fwww.dmm.co.jp%2Fdigital%2Fvideoa%2F-%2Flist%2F%3D%2Farticle%3Dactress%2Fid%3D420%2F&af_id=souhub-990&ch=api,https://al.dmm.co.jp/?lurl=https%3A%2F%2Fwww.dmm.co.jp%2Fmonthly%2Fpremium%2F-%2Flist%2F%3D%2Farticle%3Dactress%2Fid%3D420%2F&af_id=souhub-990&ch=api,https://al.dmm.co.jp/?lurl=https%3A%2F%2Fwww.dmm.co.jp%2Fmono%2Fdvd%2F-%2Flist%2F%3D%2Farticle%3Dactress%2Fid%3D420%2F&af_id=souhub-990&ch=api,https://al.dmm.co.jp/?lurl=https%3A%2F%2Fwww.dmm.co.jp%2Frental%2Fppr%2F-%2Flist%2F%3D%2Farticle%3Dactress%2Fid%3D420%2F&af_id=souhub-990&ch=api
89,421,横山奈津子,よこやまなつこ,86,E,63,87,153,1977-07-04,B,音楽鑑賞、剣道,東京都,http://pics.dmm.co.jp/mono/actjpgs/thumbnail/yokoyama_natuko.jpg,http://pics.dmm.co.jp/mono/actjpgs/yokoyama_natuko.jpg,https://al.dmm.co.jp/?lurl=https%3A%2F%2Fwww.dmm.co.jp%2Fdigital%2Fvideoa%2F-%2Flist%2F%3D%2Farticle%3Dactress%2Fid%3D421%2F&af_id=souhub-990&ch=api,https://al.dmm.co.jp/?lurl=https%3A%2F%2Fwww.dmm.co.jp%2Fmonthly%2Fpremium%2F-%2Flist%2F%3D%2Farticle%3Dactress%2Fid%3D421%2F&af_id=souhub-990&ch=api,https://al.dmm.co.jp/?lurl=https%3A%2F%2Fwww.dmm.co.jp%2Fmono%2Fdvd%2F-%2Flist%2F%3D%2Farticle%3Dactress%2Fid%3D421%2F&af_id=souhub-990&ch=api,https://al.dmm.co.jp/?lurl=https%3A%2F%2Fwww.dmm.co.jp%2Frental%2Fppr%2F-%2Flist%2F%3D%2Farticle%3Dactress%2Fid%3D421%2F&af_id=souhub-990&ch=api
90,422,横倉里奈,よこくらりな,83,C,57,83,,1980-02-14,,,,http://pics.dmm.co.jp/mono/actjpgs/thumbnail/yokokura_rina.jpg,http://pics.dmm.co.jp/mono/actjpgs/yokokura_rina.jpg,https://al.dmm.co.jp/?lurl=https%3A%2F%2Fwww.dmm.co.jp%2Fdigital%2Fvideoa%2F-%2Flist%2F%3D%2Farticle%3Dactress%2Fid%3D422%2F&af_id=souhub-990&ch=api,https://al.dmm.co.jp/?lurl=https%3A%2F%2Fwww.dmm.co.jp%2Fmonthly%2Fpremium%2F-%2Flist%2F%3D%2Farticle%3Dactress%2Fid%3D422%2F&af_id=souhub-990&ch=api,https://al.dmm.co.jp/?lurl=https%3A%2F%2Fwww.dmm.co.jp%2Fmono%2Fdvd%2F-%2Flist%2F%3D%2Farticle%3Dactress%2Fid%3D422%2F&af_id=souhub-990&ch=api,https://al.dmm.co.jp/?lurl=https%3A%2F%2Fwww.dmm.co.jp%2Frental%2Fppr%2F-%2Flist%2F%3D%2Farticle%3Dactress%2Fid%3D422%2F&af_id=souhub-990&ch=api
91,423,岡沙理奈,おかさりな,98.2,,,,,,,,,http://pics.dmm.co.jp/mono/actjpgs/thumbnail/oka_sarina.jpg,http://pics.dmm.co.jp/mono/actjpgs/oka_sarina.jpg,https://al.dmm.co.jp/?lurl=https%3A%2F%2Fwww.dmm.co.jp%2Fdigital%2Fvideoa%2F-%2Flist%2F%3D%2Farticle%3Dactress%2Fid%3D423%2F&af_id=souhub-990&ch=api,https://al.dmm.co.jp/?lurl=https%3A%2F%2Fwww.dmm.co.jp%2Fmonthly%2Fpremium%2F-%2Flist%2F%3D%2Farticle%3Dactress%2Fid%3D423%2F&af_id=souhub-990&ch=api,https://al.dmm.co.jp/?lurl=https%3A%2F%2Fwww.dmm.co.jp%2Fmono%2Fdvd%2F-%2Flist%2F%3D%2Farticle%3Dactress%2Fid%3D423%2F&af_id=souhub-990&ch=api,https://al.dmm.co.jp/?lurl=https%3A%2F%2Fwww.dmm.co.jp%2Frental%2Fppr%2F-%2Flist%2F%3D%2Farticle%3Dactress%2Fid%3D423%2F&af_id=souhub-990&ch=api
92,424,岡崎あい,おかざきあい,80,,59,85,,,,,,http://pics.dmm.co.jp/mono/actjpgs/thumbnail/okazaki_ai.jpg,http://pics.dmm.co.jp/mono/actjpgs/okazaki_ai.jpg,https://al.dmm.co.jp/?lurl=https%3A%2F%2Fwww.dmm.co.jp%2Fdigital%2Fvideoa%2F-%2Flist%2F%3D%2Farticle%3Dactress%2Fid%3D424%2F&af_id=souhub-990&ch=api,https://al.dmm.co.jp/?lurl=https%3A%2F%2Fwww.dmm.co.jp%2Fmonthly%2Fpremium%2F-%2Flist%2F%3D%2Farticle%3Dactress%2Fid%3D424%2F&af_id=souhub-990&ch=api,https://al.dmm.co.jp/?lurl=https%3A%2F%2Fwww.dmm.co.jp%2Fmono%2Fdvd%2F-%2Flist%2F%3D%2Farticle%3Dactress%2Fid%3D424%2F&af_id=souhub-990&ch=api,https://al.dmm.co.jp/?lurl=https%3A%2F%2Fwww.dmm.co.jp%2Frental%2Fppr%2F-%2Flist%2F%3D%2Farticle%3Dactress%2Fid%3D424%2F&af_id=souhub-990&ch=api
93,425,岡崎あさみ,おかざきあさみ,,,,,,,,,,http://pics.dmm.co.jp/mono/actjpgs/thumbnail/okazaki_asami.jpg,http://pics.dmm.co.jp/mono/actjpgs/okazaki_asami.jpg,https://al.dmm.co.jp/?lurl=https%3A%2F%2Fwww.dmm.co.jp%2Fdigital%2Fvideoa%2F-%2Flist%2F%3D%2Farticle%3Dactress%2Fid%3D425%2F&af_id=souhub-990&ch=api,https://al.dmm.co.jp/?lurl=https%3A%2F%2Fwww.dmm.co.jp%2Fmonthly%2Fpremium%2F-%2Flist%2F%3D%2Farticle%3Dactress%2Fid%3D425%2F&af_id=souhub-990&ch=api,https://al.dmm.co.jp/?lurl=https%3A%2F%2Fwww.dmm.co.jp%2Fmono%2Fdvd%2F-%2Flist%2F%3D%2Farticle%3Dactress%2Fid%3D425%2F&af_id=souhub-990&ch=api,https://al.dmm.co.jp/?lurl=https%3A%2F%2Fwww.dmm.co.jp%2Frental%2Fppr%2F-%2Flist%2F%3D%2Farticle%3Dactress%2Fid%3D425%2F&af_id=souhub-990&ch=api
94,426,岡崎知里,おかざきちさと,83,,58,85,,1981-04-09,,,,http://pics.dmm.co.jp/mono/actjpgs/thumbnail/okazaki_tisato.jpg,http://pics.dmm.co.jp/mono/actjpgs/okazaki_tisato.jpg,https://al.dmm.co.jp/?lurl=https%3A%2F%2Fwww.dmm.co.jp%2Fdigital%2Fvideoa%2F-%2Flist%2F%3D%2Farticle%3Dactress%2Fid%3D426%2F&af_id=souhub-990&ch=api,https://al.dmm.co.jp/?lurl=https%3A%2F%2Fwww.dmm.co.jp%2Fmonthly%2Fpremium%2F-%2Flist%2F%3D%2Farticle%3Dactress%2Fid%3D426%2F&af_id=souhub-990&ch=api,https://al.dmm.co.jp/?lurl=https%3A%2F%2Fwww.dmm.co.jp%2Fmono%2Fdvd%2F-%2Flist%2F%3D%2Farticle%3Dactress%2Fid%3D426%2F&af_id=souhub-990&ch=api,https://al.dmm.co.jp/?lurl=https%3A%2F%2Fwww.dmm.co.jp%2Frental%2Fppr%2F-%2Flist%2F%3D%2Farticle%3Dactress%2Fid%3D426%2F&af_id=souhub-990&ch=api
95,427,岡崎美女,おかざきみお,81,D,54,81,156,1972-11-14,O,英会話、カラオケ、ゴルフ、、エレクトーン演奏、絵画,福岡県,http://pics.dmm.co.jp/mono/actjpgs/thumbnail/okazaki_mio.jpg,http://pics.dmm.co.jp/mono/actjpgs/okazaki_mio.jpg,https://al.dmm.co.jp/?lurl=https%3A%2F%2Fwww.dmm.co.jp%2Fdigital%2Fvideoa%2F-%2Flist%2F%3D%2Farticle%3Dactress%2Fid%3D427%2F&af_id=souhub-990&ch=api,https://al.dmm.co.jp/?lurl=https%3A%2F%2Fwww.dmm.co.jp%2Fmonthly%2Fpremium%2F-%2Flist%2F%3D%2Farticle%3Dactress%2Fid%3D427%2F&af_id=souhub-990&ch=api,https://al.dmm.co.jp/?lurl=https%3A%2F%2Fwww.dmm.co.jp%2Fmono%2Fdvd%2F-%2Flist%2F%3D%2Farticle%3Dactress%2Fid%3D427%2F&af_id=souhub-990&ch=api,https://al.dmm.co.jp/?lurl=https%3A%2F%2Fwww.dmm.co.jp%2Frental%2Fppr%2F-%2Flist%2F%3D%2Farticle%3Dactress%2Fid%3D427%2F&af_id=souhub-990&ch=api
96,428,岡崎美々,おかざきみみ,,,,,,,,,,,,https://al.dmm.co.jp/?lurl=https%3A%2F%2Fwww.dmm.co.jp%2Fdigital%2Fvideoa%2F-%2Flist%2F%3D%2Farticle%3Dactress%2Fid%3D428%2F&af_id=souhub-990&ch=api,https://al.dmm.co.jp/?lurl=https%3A%2F%2Fwww.dmm.co.jp%2Fmonthly%2Fpremium%2F-%2Flist%2F%3D%2Farticle%3Dactress%2Fid%3D428%2F&af_id=souhub-990&ch=api,https://al.dmm.co.jp/?lurl=https%3A%2F%2Fwww.dmm.co.jp%2Fmono%2Fdvd%2F-%2Flist%2F%3D%2Farticle%3Dactress%2Fid%3D428%2F&af_id=souhub-990&ch=api,https://al.dmm.co.jp/?lurl=https%3A%2F%2Fwww.dmm.co.jp%2Frental%2Fppr%2F-%2Flist%2F%3D%2Farticle%3Dactress%2Fid%3D428%2F&af_id=souhub-990&ch=api
97,429,岡崎萌,おかざきもえ,85,D,59,88,,,,,,http://pics.dmm.co.jp/mono/actjpgs/thumbnail/okazaki_moe.jpg,http://pics.dmm.co.jp/mono/actjpgs/okazaki_moe.jpg,https://al.dmm.co.jp/?lurl=https%3A%2F%2Fwww.dmm.co.jp%2Fdigital%2Fvideoa%2F-%2Flist%2F%3D%2Farticle%3Dactress%2Fid%3D429%2F&af_id=souhub-990&ch=api,https://al.dmm.co.jp/?lurl=https%3A%2F%2Fwww.dmm.co.jp%2Fmonthly%2Fpremium%2F-%2Flist%2F%3D%2Farticle%3Dactress%2Fid%3D429%2F&af_id=souhub-990&ch=api,https://al.dmm.co.jp/?lurl=https%3A%2F%2Fwww.dmm.co.jp%2Fmono%2Fdvd%2F-%2Flist%2F%3D%2Farticle%3Dactress%2Fid%3D429%2F&af_id=souhub-990&ch=api,https://al.dmm.co.jp/?lurl=https%3A%2F%2Fwww.dmm.co.jp%2Frental%2Fppr%2F-%2Flist%2F%3D%2Farticle%3Dactress%2Fid%3D429%2F&af_id=souhub-990&ch=api
98,430,岡崎靖子,おかざきやすこ,83,B,60,80,,,,,,http://pics.dmm.co.jp/mono/actjpgs/thumbnail/okazaki_yasuko.jpg,http://pics.dmm.co.jp/mono/actjpgs/okazaki_yasuko.jpg,https://al.dmm.co.jp/?lurl=https%3A%2F%2Fwww.dmm.co.jp%2Fdigital%2Fvideoa%2F-%2Flist%2F%3D%2Farticle%3Dactress%2Fid%3D430%2F&af_id=souhub-990&ch=api,https://al.dmm.co.jp/?lurl=https%3A%2F%2Fwww.dmm.co.jp%2Fmonthly%2Fpremium%2F-%2Flist%2F%3D%2Farticle%3Dactress%2Fid%3D430%2F&af_id=souhub-990&ch=api,https://al.dmm.co.jp/?lurl=https%3A%2F%2Fwww.dmm.co.jp%2Fmono%2Fdvd%2F-%2Flist%2F%3D%2Farticle%3Dactress%2Fid%3D430%2F&af_id=souhub-990&ch=api,https://al.dmm.co.jp/?lurl=https%3A%2F%2Fwww.dmm.co.jp%2Frental%2Fppr%2F-%2Flist%2F%3D%2Farticle%3Dactress%2Fid%3D430%2F&af_id=souhub-990&ch=api
99,431,岡崎麗奈,おかざきれいな,,,,,,,,,,,,https://al.dmm.co.jp/?lurl=https%3A%2F%2Fwww.dmm.co.jp%2Fdigital%2Fvideoa%2F-%2Flist%2F%3D%2Farticle%3Dactress%2Fid%3D431%2F&af_id=souhub-990&ch=api,https://al.dmm.co.jp/?lurl=https%3A%2F%2Fwww.dmm.co.jp%2Fmonthly%2Fpremium%2F-%2Flist%2F%3D%2Farticle%3Dactress%2Fid%3D431%2F&af_id=souhub-990&ch=api,https://al.dmm.co.jp/?lurl=https%3A%2F%2Fwww.dmm.co.jp%2Fmono%2Fdvd%2F-%2Flist%2F%3D%2Farticle%3Dactress%2Fid%3D431%2F&af_id=souhub-990&ch=api,https://al.dmm.co.jp/?lurl=https%3A%2F%2Fwww.dmm.co.jp%2Frental%2Fppr%2F-%2Flist%2F%3D%2Farticle%3Dactress%2Fid%3D431%2F&af_id=souhub-990&ch=api
